#,Lender Name,Done,Website,Contact Name,Linkedin Profile,Contact E-Mail,Contact Phone,Lender Type,CRE - Construction,CRE-Residential,CRE - Land,CRE - Office,CRE - Industrial,CRE - Hotel,CRE - Retail,CRE - Other,Real Estate,Aircraft,Art,Insurance Premium,Yacht,Sports,Fund - LP,Fund - NAV,Fund - GP,Fund - Mgmt Company,Fund - SCF,Other Financing (specify),Senior,Subbordinated,Recourse,Non-recourse,Based In,Geographic Coverage,"Lender Location (City, State, Country)",Note
1,First Bank,,https://www.firstbank.com,James Smith,https://www.linkedin.com/company/firstbank,james.smith@firstbank.com,+1 (212) 854-2824,Regional Bank,0,0,0,0,0,0,0,0,0,1,0,0,0,0,0,0,0,0,0,0,0,0,0,0,"South Bend, IN",Domestic,Indiana,loan area: NAM & LATAM. loan value range: $250K - $10MM. estimated book size: $300MM. comment: Small regional bank in South Bend
2,United Bancorp,,https://www.unitedbancorp.com,Maria Johnson,https://www.linkedin.com/company/unitedbancorp,maria.johnson@unitedbancorp.com,+1 (310) 225-5506,Regional Bank,0,0,0,0,0,0,0,0,0,0,0,0,0,0,0,0,0,0,0,0,0,0,0,0,"Mexico City, Mexico",Domestic,Mexico City,"Tailored terms, local currency, structured notes"
3,National Financial,,https://www.nationalfinancial.com,Carlos Martinez,https://www.linkedin.com/company/nationalfinancial,carlos.martinez@nationalfinancial.com,+1 (305) 450-4657,Regional Bank,0,1,0,1,1,0,0,0,1,0,0,0,0,0,1,0,1,1,0,0,0,0,0,0,US,Global,"San Antonio, Texas","Affinius Capital's strategies focus on value creation and income generation through commercial real estate investments in sectors such as industrial/logistics, multi-family housing, data centers. Construction, mezz lending. Similar appetite to madison realty"
4,Apex Capital,,https://www.apexcapital.com,Jennifer Garcia,https://www.linkedin.com/company/apexcapital,jennifer.garcia@apexcapital.com,+1 (312) 342-2679,Private Credit Fund,0,0,0,0,0,0,0,0,0,1,0,0,0,0,0,0,0,0,0,0,0,0,0,0,"Chandler, AZ",Domestic,Arizona,loan area: U.S.. loan value range: $100K - $20MM. estimated book size: $250MM. comment: Is mostly a broker in the small aircraft space
5,Blackthorn Partners,,https://www.blackthornpartners.com,Roberto Rodriguez,https://www.linkedin.com/company/blackthornpartners,roberto.rodriguez@blackthornpartners.com,+1 (415) 892-9935,Private Credit Fund,0,0,0,0,0,0,0,0,0,0,0,0,0,0,1,0,0,0,1,Private Credit / Structured Debt / Alternative Lending,1,0,0,0,"US, Mexico",International,Mexico City,"Bridge financing in US and Mexico for non-bank financial institutions (3 yr term, 18% IRR in MXN and 15% in USD) and Enterprise Loans/ CF Loans at 2.5x to 3x EBITDA, 5 yr term and same IRR targets. Senior secured, no subordinated positions"
6,Pacific Trust,,https://www.pacifictrust.com,Sarah Lopez,https://www.linkedin.com/company/pacifictrust,sarah.lopez@pacifictrust.com,+1 (617) 289-7912,Regional Bank,0,0,0,0,0,0,0,0,0,0,0,0,0,0,0,0,0,0,0,SOFOM ENR – Credit lines AC-FX and AC-MX,0,0,0,0,"Monterrey, Mexico",Domestic,Monterrey,
7,Crestline Advisors,,https://www.crestlineadvisors.com,Michael Hernandez,https://www.linkedin.com/company/crestlineadvisors,michael.hernandez@crestlineadvisors.com,+1 (713) 232-1488,Private Credit Fund,0,0,0,0,0,0,0,0,0,0,0,0,0,0,0,0,1,1,0,Private credit (senior secured structured loans in MXN & USD),1,0,0,0,Mexico,Domestic,"Mexico, Monterrey","Private equity terms, fund lifecycles ~8–10 years"
8,Atlantic Savings Bank,,https://www.atlanticsavingsbank.com,Ana Gonzalez,https://www.linkedin.com/company/atlanticsavingsbank,ana.gonzalez@atlanticsavingsbank.com,+1 (214) 295-4582,Regional Bank,0,0,0,0,0,0,0,0,0,0,0,0,0,0,0,0,0,0,0,0,0,0,0,0,Florida & texas,Domestic,"Miami, FL, USA",They are good with foreign nationals. Not doing financing in NY 
9,First Bank 2,,https://www.firstbank2.com,David Wilson,https://www.linkedin.com/company/firstbank2,david.wilson@firstbank2.com,+1 (602) 438-9279,Local Bank,0,0,0,0,0,0,0,0,0,0,0,0,0,0,0,0,0,0,0,Banking & Lending Services (Commercial & Personal Loans),0,0,0,0,Texas,Domestic,"Terrell, Texas",Omnilife project in the hopes as a potential lender.
10,Denali Asset Management,,https://www.denaliassetmanagement.com,Laura Anderson,https://www.linkedin.com/company/denaliassetmanagement,laura.anderson@denaliassetmanagement.com,+1 (480) 816-1434,Private Credit Fund,1,1,0,1,1,0,0,0,1,0,0,0,0,0,0,0,1,1,0,0,0,0,0,0,"Mexico City, Mexico",Domestic,Mexico City,"Fixed/adjustable loans, conventional terms"
11,Evergreen Investments,,https://www.evergreeninvestments.com,Daniel Taylor,https://www.linkedin.com/company/evergreeninvestments,daniel.taylor@evergreeninvestments.com,+1 (520) 774-4257,Private Credit Fund,0,0,0,0,0,0,0,0,0,0,0,0,0,1,1,0,0,0,0,"Private Credit / Direct Lending (First Lien, Unitranche, Senior Secured Loans",0,0,0,0,US,Domestic,"New York, NY","Andalusia Credit is a BDC, so they need to do this one by one.
They do other deals too and will share their deck & tear sheet for sponsor.
$1Bn raised, with 40% deployment, still raising. U.S. based borrowers with EBITDA between $5 to $150 million. No minimum tranche size; hold size $20 to $30 million"
12,Falcon Capital Group,,https://www.falconcapitalgroup.com,Patricia Thompson,https://www.linkedin.com/company/falconcapitalgroup,patricia.thompson@falconcapitalgroup.com,+1 (512) 933-9928,Private Credit Fund,0,0,0,0,0,0,0,0,0,0,0,0,0,0,0,0,0,1,0,0,0,0,0,0,Mexico,Domestic,Mexico City,
13,Garrison Credit Partners,,https://www.garrisoncreditpartners.com,Richard Brown,https://www.linkedin.com/company/garrisoncreditpartners,richard.brown@garrisoncreditpartners.com,+1 (646) 629-4611,Private Credit Fund,0,0,0,0,0,0,0,0,0,0,1,0,0,0,0,0,0,0,0,0,0,0,0,0,New York,Domestic,"New York, NY","Loan value Range: $500k-50M, Estimated Loan Book Size: $150,000,000.00"
14,Highbridge Lending,,https://www.highbridgelending.com,Monica Davis,https://www.linkedin.com/company/highbridgelending,monica.davis@highbridgelending.com,+1 (917) 659-5557,Private Credit Fund,0,0,0,0,0,0,0,0,0,1,0,0,0,0,0,0,0,0,0,0,0,0,0,0,"Frederick, MD",Domestic,"Frederick, MD",loan area: U.S & Canada.. loan value range: $50K - $15MM. estimated book size: $200MM. comment: Sm. a/c only; Finance broker owned by the Aircraft Owner's & Pilots Assoc.
15,Ironside Finance,,https://www.ironsidefinance.com,Thomas Miller,https://www.linkedin.com/company/ironsidefinance,thomas.miller@ironsidefinance.com,+1 (347) 206-3615,Private Credit Fund,0,0,0,0,0,0,0,0,0,1,1,0,1,1,1,0,0,0,0,0,0,0,0,0,NY,Domestic,"New York, NY, USA","Apollo Can do different type of loans, we were introduced by Adam (see MidCap) and met in person with Derek on January 23, 2025 at his office in NY."
16,Summit Credit Union,,https://www.summitcreditunion.com,Elena Moore,https://www.linkedin.com/company/summitcreditunion,elena.moore@summitcreditunion.com,+1 (786) 914-7924,Regional Bank,0,1,0,1,0,0,1,0,0,0,0,0,0,0,0,0,0,0,0,"Commercial mortgages (multifamily/office/retail),",1,1,0,0,NY,Domestic,"New York, NY, USA","Stabilized CRE. Focus on low LTV, high DSCR, and debt yield >10%. Can offer terms up to 10 years.
Pricing: SOFR + 200–300 bps. Geographic focus limited to branch footprint: NYC Metro Area, Westchester, and nearby.Borrower does not need to be domiciled in NY.
"
17,Juniper Capital Management,,https://www.junipercapitalmanagement.com,William Jackson,https://www.linkedin.com/company/junipercapitalmanagement,william.jackson@junipercapitalmanagement.com,+1 (954) 548-5552,Private Credit Fund,1,1,0,0,0,0,0,1,0,0,0,0,0,0,0,0,0,1,0,0,1,1,1,0,NY,Domestic,"Uniondale, NY, USA","Bridge, mezz and pref mainly for Multifamily"
18,Kingswood Credit,,https://www.kingswoodcredit.com,Sophia Martin,https://www.linkedin.com/company/kingswoodcredit,sophia.martin@kingswoodcredit.com,+1 (561) 359-4527,Private Credit Fund,0,0,0,0,0,0,0,0,0,0,1,0,0,0,0,0,0,0,0,Art-backed loans / customized credit facilities,1,1,1,0,New York,Global,"New York, NY","Loan value Range: $1-$100M, Estimated Loan Book Size: $100,000,000"
19,Heritage Bank,,https://www.heritagebank.com,Christopher Lee,https://www.linkedin.com/company/heritagebank,christopher.lee@heritagebank.com,+1 (818) 981-6514,Regional Bank,1,1,0,0,0,0,0,0,0,0,0,0,0,0,1,0,0,1,0,0,1,0,1,0,Los Angeles,Domestic,Los Angeles,
20,Lionsgate Funding,,https://www.lionsgatefunding.com,Isabella Perez,https://www.linkedin.com/company/lionsgatefunding,isabella.perez@lionsgatefunding.com,+1 (323) 304-2519,Private Credit Fund,0,0,0,0,0,0,0,0,0,1,1,0,1,0,1,0,0,0,0,0,0,0,0,0,"New York, NY, USA",Global,"New, York",big direct tickets o loan on loans para CRE
21,Pioneer Bancorp,,https://www.pioneerbancorp.com,Andrew White,https://www.linkedin.com/company/pioneerbancorp,andrew.white@pioneerbancorp.com,+1 (949) 589-2584,Regional Bank,0,0,0,0,0,0,0,0,0,0,0,1,0,0,0,0,0,0,0,0,1,1,1,0,Miami,Domestic,"Miami, FL, USA",
22,Liberty Financial,,https://www.libertyfinancial.com,Natalia Harris,https://www.linkedin.com/company/libertyfinancial,natalia.harris@libertyfinancial.com,+1 (858) 567-6635,Regional Bank,0,0,0,0,0,0,0,0,0,0,0,0,0,0,0,0,0,0,0,0,0,0,0,0,California,,,They lend on variety of CRE property types. We have the construction criteria document.
23,Eagle Trust,,https://www.eagletrust.com,Matthew Clark,https://www.linkedin.com/company/eagletrust,matthew.clark@eagletrust.com,+1 (619) 818-5333,Regional Bank,1,1,0,1,1,0,1,0,0,0,0,0,0,0,0,0,0,0,0,0,0,0,1,1,CA,Domestic,"Santa Ana, CA",
24,Cornerstone Savings Bank,,https://www.cornerstonesavingsbank.com,Valentina Lewis,https://www.linkedin.com/company/cornerstonesavingsbank,valentina.lewis@cornerstonesavingsbank.com,+1 (503) 244-8527,Regional Bank,1,1,0,1,1,0,1,0,0,0,0,0,0,0,0,0,0,0,0,0,0,0,0,0,Miami,Domestic,"Miami, FL, USA",
25,Meridian Credit Union,,https://www.meridiancreditunion.com,Joshua Robinson,https://www.linkedin.com/company/meridiancreditunion,joshua.robinson@meridiancreditunion.com,+1 (206) 749-3045,Regional Bank,0,1,0,1,1,0,1,0,0,0,0,0,0,0,0,0,0,0,0,0,0,0,0,0,North Carolina,International,"Charlotte, NC, USA","Fixed-rate loans (~6.7%), up to 30 years, DSCR ≥ 1.20x"
26,Frontier Bank,,https://www.frontierbank.com,Camila Walker,https://www.linkedin.com/company/frontierbank,camila.walker@frontierbank.com,+1 (404) 587-2291,Regional Bank,0,0,0,0,0,0,0,0,0,0,0,0,0,0,0,0,0,1,0,Venture debt / asset-backed lines for fintechs & growth companies,0,0,0,0,"Madrid, Spain & Mexico",Global,México City (Spark Space CDMX),"Flexible venture debt, startup-friendly terms"
27,Horizon Bancorp,,https://www.horizonbancorp.com,Robert Young,https://www.linkedin.com/company/horizonbancorp,robert.young@horizonbancorp.com,+1 (678) 765-5803,Regional Bank,0,0,0,1,1,0,1,0,0,0,0,0,0,0,0,0,0,0,0,0,0,0,0,0,CA,Domestic,"Los Angeles, CA, USA",
28,Keystone Financial,,https://www.keystonefinancial.com,Gabriela Allen,https://www.linkedin.com/company/keystonefinancial,gabriela.allen@keystonefinancial.com,+1 (770) 843-6925,Regional Bank,0,0,1,1,1,1,1,0,1,0,0,1,0,0,0,0,0,0,0,0,1,0,1,0,"Little Rock, AR, US",Domestic,"Southlake, Texas",Recourse constructions and acquisitions loans for all asset types except hospitals and assisted living.
29,Maven Capital Advisors,,https://www.mavencapitaladvisors.com,John King,https://www.linkedin.com/company/mavencapitaladvisors,john.king@mavencapitaladvisors.com,+1 (704) 791-4150,Private Credit Fund,0,1,0,1,1,1,1,0,0,0,0,0,0,0,0,0,1,1,0,0,1,1,0,0,New York,Domestic,"New York, NY, USA","Financing and refinancing  for commercial real estate in the United States, more than USD $500 million in financing.  Focus areas include Texas, Miami, New York."
30,Northpoint Investment Group,,https://www.northpointinvestmentgroup.com,Alejandra Wright,https://www.linkedin.com/company/northpointinvestmentgroup,alejandra.wright@northpointinvestmentgroup.com,+1 (919) 921-2139,Private Credit Fund,0,0,0,0,0,0,0,0,0,0,0,0,0,0,0,0,1,1,0,0,1,1,0,0,"Mexico City, Mexico",International,Mexico City,"Short-term SME loans, fintech platform, flexible APR"
31,Vantage Capital Group,,https://www.vantagecapitalgroup.com,Steven Scott,https://www.linkedin.com/company/vantagecapitalgroup,steven.scott@vantagecapitalgroup.com,+1 (202) 246-4733,Other Lender,0,1,0,1,1,1,1,0,0,0,0,0,0,0,0,0,0,0,0,0,1,0,0,0,"New York, NY, USA",Domestic,"New York, NY, USA","Agency loans (Fannie/Freddie), HUD, bridge loans; terms up to 30 years"
32,Fidelitas Global Advisors,,https://www.fidelitasglobaladvisors.com,Victoria Torres,https://www.linkedin.com/company/fidelitasglobaladvisors,victoria.torres@fidelitasglobaladvisors.com,+1 (301) 991-5741,Global Asset Manager,0,0,0,0,0,0,0,0,0,0,0,0,0,0,1,1,1,1,0,0,1,1,1,1,"Zurich, Switzerland",Global,"New York, NY","Impact loans, concessional rates, long-term"
33,Pinnacle Trust,,https://www.pinnacletrust.com,Mark Nguyen,https://www.linkedin.com/company/pinnacletrust,mark.nguyen@pinnacletrust.com,+1 (571) 281-4814,Regional Bank,0,1,0,0,0,0,0,0,1,0,0,1,0,0,0,0,0,0,0,0,0,1,1,0,"New York, NY, USA",Domestic,"New York, NY, USA",CRE experience in Northeast
34,Obsidian Capital,,https://www.obsidiancapital.com,Andrea Hill,https://www.linkedin.com/company/obsidiancapital,andrea.hill@obsidiancapital.com,+1 (469) 303-7227,Private Credit Fund,0,0,0,0,0,0,0,0,0,0,0,0,0,0,0,0,0,0,0,"Collector car financing (acquisitions, refi, LOC) secured by vehicles/collections.",0,0,0,0,Michigan,International,California,"Loan value Range: $250k+, Estimated Loan Book Size: $50,000,000.00, Diligence (low 1-5 high)*: ?"
35,Sterling Savings Bank,,https://www.sterlingsavingsbank.com,Brian Flores,https://www.linkedin.com/company/sterlingsavingsbank,brian.flores@sterlingsavingsbank.com,+1 (972) 484-8428,Regional Bank,1,1,0,1,0,1,1,0,0,0,0,0,0,0,0,0,0,0,0,0,0,0,0,0,"New York, NY, USA",Domestic,"New York, NY","They finance CRE in New York and surrounding areas, specifically office properties in Manhattan.
"
36,Paladin Partners,,https://www.paladinpartners.com,Carolina Green,https://www.linkedin.com/company/paladinpartners,carolina.green@paladinpartners.com,+1 (281) 850-6977,Private Credit Fund,0,0,0,0,0,0,0,0,0,0,0,0,0,0,1,1,1,1,0,0,1,1,1,0,"New York, NY, USA",Domestic,"New York, NY, USA",private equity investment firm
37,Quantum Advisors,,https://www.quantumadvisors.com,Kevin Adams,https://www.linkedin.com/company/quantumadvisors,kevin.adams@quantumadvisors.com,+1 (212) 366-7065,Private Credit Fund,0,0,0,1,0,1,0,0,1,1,0,0,0,0,1,0,1,1,0,0,0,0,0,0,"New York, NY, USA",Global,"New York, NY, USA",Nick is the head of residential where they can do big facilities for investments in the Resi space. He also heads asset-back lending and they are willing to look at anything big (ideally over $100m) although it seems their current expertise is in a few asset classes such as agricultural & NAV lending. They could be flexible for big amounts. However he mentioned he’s willing to take a look at $25M non-recourse aircraft financing and the Sovereign Wealth Fund transaction.
38,Redstone Asset Management,,https://www.redstoneassetmanagement.com,Paula Nelson,https://www.linkedin.com/company/redstoneassetmanagement,paula.nelson@redstoneassetmanagement.com,+1 (310) 563-4432,Private Credit Fund,0,0,0,0,0,0,0,0,0,0,0,0,0,0,1,1,1,1,1,0,0,1,0,0,Luxemburgo,International,Brazil,"Impact-focused credit, ~7–10% IRR targets"
39,Orion Insurance Group,,https://www.orioninsurancegroup.com,Jason Baker,https://www.linkedin.com/company/orioninsurancegroup,jason.baker@orioninsurancegroup.com,+1 (305) 886-5374,Insurance Company,0,0,0,0,0,0,0,0,1,1,0,1,1,0,0,0,0,0,0,0,1,0,1,0,"Taipei, Taiwan",International,"Taipei, Taiwan","loan area: Worldwide. loan value range: $5MM - $50MM. estimated book size: $1B. comment: Global Chinese Lender - will consider higher rate,harder to finance deals"
40,Sapphire Investments,,https://www.sapphireinvestments.com,Diana Hall,https://www.linkedin.com/company/sapphireinvestments,diana.hall@sapphireinvestments.com,+1 (312) 918-2169,Private Credit Fund,1,1,1,1,1,1,1,0,1,0,0,0,0,0,0,0,1,1,0,0,1,0,0,0,Florida ,Domestic,"Miami, FL, USA","Specialty Bridge	.
Loan Amount: $20 - $100 million
Interest Rate: Starting at SOFR + 4.00%
Loan Term: 12 - 48 months, including extensions
Amortization: Interest Only
Security	:First Mortgage Lien or Deed of Trust
Loan-to-Value:Up to 75%
Loan-to-Cost:Up to 80%
Origination/Exit Fees: 1 - 2%
Recourse: Non-recourse
DSCR: Not required
Sponsorship:Flexible, No BK/foreclosures in the past 5 years
Guarantor:No min. liquidity required. Asset-based loans only
Asset Types:All major asset types, including land
Loan Types:Quick closing, new construction, rehabilitation, repositioning, value-add, pre-development, loan purchases"
41,Patriot Credit Union,,https://www.patriotcreditunion.com,Ryan Rivera,https://www.linkedin.com/company/patriotcreditunion,ryan.rivera@patriotcreditunion.com,+1 (415) 823-3803,Regional Bank,0,1,1,1,1,0,1,0,1,0,0,0,0,0,0,0,0,0,0,0,0,0,0,0,CA,Domestic,"San Diego, CA",
42,Triton Capital Group,,https://www.tritoncapitalgroup.com,Lucia Campbell,https://www.linkedin.com/company/tritoncapitalgroup,lucia.campbell@tritoncapitalgroup.com,+1 (617) 746-5010,Private Credit Fund,1,1,1,1,1,1,1,0,1,0,0,0,0,0,0,0,1,1,0,0,1,0,0,0,CA,Domestic,"Los Angeles, CA, USA",
43,Vantage Credit Partners,,https://www.vantagecreditpartners.com,Eric Mitchell,https://www.linkedin.com/company/vantagecreditpartners,eric.mitchell@vantagecreditpartners.com,+1 (713) 367-8573,Private Credit Fund,0,0,0,0,0,0,0,0,0,0,0,0,0,0,1,1,1,1,1,Private debt / structured finance / mezzanine & growth capital,1,1,1,0,"Mexico City, Mexico",Domestic,Mexico City,"PE-style, growth capital, 5–7 year horizons"
44,Gryphon Asset Management,,https://www.gryphonassetmanagement.com,Marina Carter,https://www.linkedin.com/company/gryphonassetmanagement,marina.carter@gryphonassetmanagement.com,+1 (214) 588-5422,Global Asset Manager,0,0,0,0,0,0,0,0,0,0,0,0,0,0,1,1,1,1,1,0,0,0,0,0,"Lima, Peru",International,"Lima, Peru","Custom M&A and credit structures, local terms"
45,Golden Bank,,https://www.goldenbank.com,Patrick Roberts,https://www.linkedin.com/company/goldenbank,patrick.roberts@goldenbank.com,+1 (602) 855-4598,Regional Bank,0,1,0,1,1,0,0,0,0,0,0,0,0,0,0,0,0,0,0,0,1,1,0,0,"McLean, VA, USA",Domestic,"McLean, VA","Balance sheet lending, agency financing, REIT/fund lending; flexible terms"
46,Coastal Bancorp,,https://www.coastalbancorp.com,Teresa Gomez,https://www.linkedin.com/company/coastalbancorp,teresa.gomez@coastalbancorp.com,+1 (480) 901-6313,Regional Bank,1,1,0,1,1,0,0,0,0,0,0,0,0,0,0,0,0,0,0,0,0,0,0,0,CA,Domestic,"El Monte, CA",
47,Epoch Global Bank,,https://www.epochglobalbank.com,George Phillips,https://www.linkedin.com/company/epochglobalbank,george.phillips@epochglobalbank.com,+1 (520) 986-1916,Global Bank,0,0,0,0,0,0,0,0,0,1,0,1,0,0,0,0,0,1,0,0,1,1,1,0,"Frankfurt, Germany",Global,"Frankfurt, Germany",loan area: Global. loan value range: $5MM - $100MM. estimated book size: $2B. comment: Private bank deals only
48,Fulcrum Global Bank,,https://www.fulcrumglobalbank.com,Carmen Evans,https://www.linkedin.com/company/fulcrumglobalbank,carmen.evans@fulcrumglobalbank.com,+1 (512) 434-1525,Global Bank,0,0,0,0,0,0,0,0,0,0,0,1,0,0,0,1,0,1,0,0,1,1,1,0,"Us, Canada",Global,"Toronto, Canada","Financing operating businesses with 7M to 30M of EBITDA, private equity, LBOs, they do owner occupied real estate. Pros are they have a pretty broad offering, are flexible and have an appetite for large deals. Cons are that they operate as a traditional private bank in that they require cross sell and they only do things in the US and Canada (lending and collateral). They can do aircraft lending."
49,Valley Financial,,https://www.valleyfinancial.com,Edward Turner,https://www.linkedin.com/company/valleyfinancial,edward.turner@valleyfinancial.com,+1 (646) 523-7572,Regional Bank,0,0,0,0,0,0,0,0,0,0,0,0,0,0,0,0,0,0,0,0,0,0,0,0,"NY, Los Angeles, CA",,,Commercial real estate loans; terms vary based on project and borrower profile
50,Highland Trust,,https://www.highlandtrust.com,Adriana Diaz,https://www.linkedin.com/company/highlandtrust,adriana.diaz@highlandtrust.com,+1 (917) 474-2084,Regional Bank,0,0,0,0,0,0,0,0,0,0,0,1,0,0,0,0,0,1,0,0,1,1,1,0,"Florida, Los Angeles",Global,"Miami, FL, USA",
51,Whitehall Lending,,https://www.whitehalllending.com,Peter Parker,https://www.linkedin.com/company/whitehalllending,peter.parker@whitehalllending.com,+1 (347) 416-6155,Private Credit Fund,1,0,1,0,0,1,1,0,0,0,0,0,0,0,0,0,0,0,0,0,0,0,0,0,"Austin, Texas",Domestic,"Austin, Texas","Mezzanine debt and structured preferred equity.                                     Loan Size: $4 MM - $25 MM 
Term: 1 – 5 years 
Leverage: Up to 85% 
Pricing: 1M Term SOFR + (8.0% – 15.0%) 
Accrual: Full accrual and partial cash payment. 
Amortization: Interest only 
Minimum DSCR: No requirement 
Prepayment Allowed with minimum interest payments. 
Use of Proceeds: Acquisition, Development, Transitional, Value Add, CapEx, Bridge 
Recourse: Non-recourse with standard carve-outs."
52,Xenon Finance,,https://www.xenonfinance.com,Daniela Cruz,https://www.linkedin.com/company/xenonfinance,daniela.cruz@xenonfinance.com,+1 (786) 417-9179,Private Credit Fund,0,0,0,0,0,0,0,0,0,0,0,0,0,0,0,0,1,1,0,0,1,0,0,0,"San Francisco, CA, USA",International,"San Francisco, CA ","Private credit, 5–10% returns, flexible terms"
53,Whitehall Credit Partners,,https://www.whitehallcreditpartners.com,Henry Edwards,https://www.linkedin.com/company/whitehallcreditpartners,henry.edwards@whitehallcreditpartners.com,+1 (954) 605-8517,Other Lender,0,0,0,0,0,0,0,0,0,1,0,0,0,0,0,0,0,0,0,0,0,0,0,0,"Montreal, QC",Global,"Montreal, QC",loan area: Canada. loan value range: $5MM - $20MM. estimated book size: $500MM. comment: Small regional bank in Montreal
54,Yorkville Capital Management,,https://www.yorkvillecapitalmanagement.com,Fernanda Collins,https://www.linkedin.com/company/yorkvillecapitalmanagement,fernanda.collins@yorkvillecapitalmanagement.com,+1 (561) 346-5339,Private Credit Fund,0,0,0,0,0,0,0,0,0,0,0,1,0,1,1,1,1,1,1,0,1,1,1,1,"New York, NY, USA",Global,"New York, NY, USA","loan area: global.. loan value range: $5MM - $75MM. estimated book size: $2B. comment: Focus is on higher rate, lower credit deals that banks will not consider. MX is OK"
55,Bridgewater Savings Bank,,https://www.bridgewatersavingsbank.com,Samuel Reyes,https://www.linkedin.com/company/bridgewatersavingsbank,samuel.reyes@bridgewatersavingsbank.com,+1 (818) 342-5040,Regional Bank,0,1,0,0,0,0,0,0,0,0,0,0,0,0,0,0,0,0,0,0,0,0,0,0,CA,Domestic,"Mill Valley, CA",
56,Riverton Credit Union,,https://www.rivertoncreditunion.com,Claudia Stewart,https://www.linkedin.com/company/rivertoncreditunion,claudia.stewart@rivertoncreditunion.com,+1 (323) 962-9830,Regional Bank,0,0,0,0,0,0,0,0,0,0,0,0,0,0,0,0,0,0,0,"SME banking: crédito PyME, factoraje (incl. internacional), arrendamiento; cuentas e inversiones con IPAB",0,0,0,0,"Mexico City, Mexico",Domestic,Mexico City,"Digital lending, short-medium term, SME focus"
57,Zenith Credit,,https://www.zenithcredit.com,Alexander Morris,https://www.linkedin.com/company/zenithcredit,alexander.morris@zenithcredit.com,+1 (949) 469-8019,Private Credit Fund,0,0,0,0,0,0,0,0,0,0,0,0,0,0,0,0,1,1,0,Infrastructure & renewables private-equity funds (greenfield & brownfield),0,0,0,0,"Mexico City, Mexico",Domestic,Mexico City,"VC terms, equity-focused, early-stage"
58,Halcyon Wealth Partners,,https://www.halcyonwealthpartners.com,Lorena Morales,https://www.linkedin.com/company/halcyonwealthpartners,lorena.morales@halcyonwealthpartners.com,+1 (858) 797-7543,Global Asset Manager,1,1,1,1,1,1,1,1,0,0,0,0,0,0,1,1,1,1,1,0,1,1,1,1,"US, Europe, Asia, Canada",Global,"New York, NY, USA","They have an $8Bn portfolio mainly big loan on loan facilities for Mortgage Reits, AMs, insurance companies and other lenders. But they also do direct lending for big tickets $150+. They can lend in US, Europe, Asia & Canada. And are open to explore Mexico. Spreads on the 250 to 320 range. And advance rates of 70 to 75% on loan on loans."
59,Arcturus Funding,,https://www.arcturusfunding.com,Philip Murphy,https://www.linkedin.com/company/arcturusfunding,philip.murphy@arcturusfunding.com,+1 (619) 570-4593,Private Credit Fund,0,0,0,0,0,0,0,0,1,0,0,0,0,0,0,0,0,0,0,RE secured credit lines: collateral via trust,0,0,0,0,"Mexico, Florida, Texas",Domestic,Mexico City,"Bridge Lender that can finance any type of real estate .Fund - financing assets in Mexico, Florida and Texas in USD and MXN. Maximum amount is us$20M. "
60,Xenon Lending,,https://www.xenonlending.com,Mariana Cook,https://www.linkedin.com/company/xenonlending,mariana.cook@xenonlending.com,+1 (503) 341-9348,Other Lender,0,0,0,0,0,0,0,0,0,0,1,0,0,0,0,0,0,0,0,0,0,0,0,0,"US, London, Belgium.",Global,London,"TV 50%, Size: 9-100M, Term: 2 years, SOFR +500-650 bps. Possession: Ability to take possession of the artworks.
No Conflict of Interest: Requires that the pieces are not sold through the same channels."
61,Crestview Bank,,https://www.crestviewbank.com,Antonio Rogers,https://www.linkedin.com/company/crestviewbank,antonio.rogers@crestviewbank.com,+1 (206) 705-2489,Regional Bank,1,1,0,1,1,0,1,0,0,0,0,0,0,0,0,0,0,0,0,0,0,0,0,0,NY,Domestic,"New York, NY, USA","Strong in CRE, flexible structuring"
62,Borealis Capital Advisors,,https://www.borealiscapitaladvisors.com,Silvia Gutierrez,https://www.linkedin.com/company/borealiscapitaladvisors,silvia.gutierrez@borealiscapitaladvisors.com,+1 (404) 973-1771,Private Credit Fund,0,1,0,1,1,0,1,0,0,0,0,0,0,0,0,0,0,0,0,0,1,0,0,0,"El Segundo, California",Domestic,California,"Minimum FICO: 680
Loan amounts from $200k - $5MM
Financed full-term interest reserves
Up to 85% LTC including interest reserve
12-, 18- and 24-month terms, interest-only
No interest charged on undrawn funds
Property types:
Attached and detached single family residential (SFR)
Townhomes
2-4 family residential
Entitled land"
63,Citadel Investment Group,,https://www.citadelinvestmentgroup.com,Francisco Ortiz,https://www.linkedin.com/company/citadelinvestmentgroup,francisco.ortiz@citadelinvestmentgroup.com,+1 (678) 312-3504,Private Credit Fund,0,0,0,0,0,0,0,0,0,0,0,0,0,0,1,0,1,1,1,0,1,0,0,0,"Mexico City, Mexico",Domestic,Mexico City,"SPAC terms, 2-year windows, equity-heavy"
64,Genesis Global Bank,,https://www.genesisglobalbank.com,Rosa Morgan,https://www.linkedin.com/company/genesisglobalbank,rosa.morgan@genesisglobalbank.com,+1 (770) 842-3621,Global Bank,0,0,0,0,0,0,0,0,0,0,0,1,0,0,0,0,0,1,0,0,1,1,1,0,"Frankfurt, Germany",Global,"Frankfurt, Germany",Commercial real estate financing; terms vary based on market conditions
65,Invictus Investment Management,,https://www.invictusinvestmentmanagement.com,Miguel Cooper,https://www.linkedin.com/company/invictusinvestmentmanagement,miguel.cooper@invictusinvestmentmanagement.com,+1 (704) 896-7916,Global Asset Manager,0,0,0,0,0,0,0,0,0,1,1,0,1,0,0,0,0,0,0,0,0,0,0,0,"New York, NY, USA",Global,"New York, NY, USA","They like asset based lending and have done a lot for UHNI. Pricing is above 500+ but they like a lot aircraft and have done Yatchs, Art, Private Shares. Minimum loan amount $75 million, sweet spot 75 to 300 million. Geographies: US, Europe, Australia & Japan"
66,Jupiter Capital Markets,,https://www.jupitercapitalmarkets.com,Sandra Peterson,https://www.linkedin.com/company/jupitercapitalmarkets,sandra.peterson@jupitercapitalmarkets.com,+1 (919) 810-2040,Global Asset Manager,0,1,0,0,0,0,0,1,0,0,0,0,0,0,0,0,0,1,0,Private debt & real estate funds (first-lien real estate debt),1,0,0,1,"Santiago, Chile",International,Chile,"Custom investment mandates, medium/long-term"
67,Northstar Bancorp,,https://www.northstarbancorp.com,Rafael Bailey,https://www.linkedin.com/company/northstarbancorp,rafael.bailey@northstarbancorp.com,+1 (202) 594-7252,Regional Bank,1,1,0,1,1,0,0,0,0,0,0,0,0,0,0,0,0,0,0,SBA lending (7a); Fintech sponsor bank,1,0,1,0,Connecticut,Domestic,"Darien & Rowayton, Connecticut, USA","Services: Finances ground-up construction and renovation projects, including condominium developments.                                                                                                                 Projects: Closed a $13.4 million acquisition and construction loan for a condominium building in Brooklyn.                                                                                                         Website:  https://drbank.com/commercial-lending/"
68,Yorkville Finance,,https://www.yorkvillefinance.com,Gloria Reed,https://www.linkedin.com/company/yorkvillefinance,gloria.reed@yorkvillefinance.com,+1 (301) 810-8668,Other Lender,0,0,0,0,0,0,0,0,0,1,0,0,0,0,0,0,0,0,0,0,0,0,0,0,"Danbury, Connecticut, US",Global,"Boca Raton, FL",loan area: Worldwide. loan value range: $5MM - $100MM. estimated book size: $4B. comment: Former GE Capital team
69,Silveroak Financial,,https://www.silveroakfinancial.com,Luis Kelly,https://www.linkedin.com/company/silveroakfinancial,luis.kelly@silveroakfinancial.com,+1 (571) 741-5119,Regional Bank,0,1,0,1,1,0,1,0,0,0,0,0,0,0,0,0,0,0,0,0,1,0,1,0,Major metropolitan areas; open to office deals in NYC.,Domestic,"Pasadena, CA, USA","-DSCR: Minimum of 1.5x, but calculated favorably: Effective Gross Income = Potential Gross Income – 7% Vacancy. NOI = EGI – Expenses – 4% Management Fee. DSCR based on actual Debt Service, not a debt constant.
-Loan Structure: Amortization: 30 years, Term Options: 3, 5, 7-year fixed, then floating, Balloon: 10-year maturity
Current Rate: 6.75% fixed for initial term, Origination Fee: 0.50%.
-Recourse & Liquidity: For stabilized ES properties, recourse is required, Can be a person or entity of substance. Low liquidity requirement: around 5% in-house, flexible"
70,Harbinger Global Bank,,https://www.harbingerglobalbank.com,Raquel Howard,https://www.linkedin.com/company/harbingerglobalbank,raquel.howard@harbingerglobalbank.com,+1 (469) 766-1188,Global Bank,0,0,0,0,0,0,0,0,0,0,1,0,0,0,0,0,0,0,0,0,0,0,0,0,Worldwide,Global,"New York, NY","Loan value Range: $20M+, Estimated Loan Book Size: $3,000,000,000.00, Diligence (low 1-5 high)*: 5"
71,Kronos Securities,,https://www.kronossecurities.com,Arturo Ramos,https://www.linkedin.com/company/kronossecurities,arturo.ramos@kronossecurities.com,+1 (972) 896-2876,Global Asset Manager,0,0,0,0,0,0,0,0,0,0,1,0,0,0,1,1,1,1,1,0,1,1,1,0,"Mexico, colombia, Brazil",Global,"Greenwich, CT, US","Currency and Jurisdiction: USD, NY Law/ CA. Not applicable to ARC.12.EC.
Minimum Size: 28 to 70M, Term: 3-5 years. Strong Covenants. Interest: Principal + Interest (P + I). LTV 50% on assets inside and outside of the OPC. Returns: Mid-level, including any asset backing (10-11%)."
72,Granite Trust,,https://www.granitetrust.com,Pilar Kim,https://www.linkedin.com/company/granitetrust,pilar.kim@granitetrust.com,+1 (281) 898-9797,Regional Bank,0,1,0,1,1,0,1,0,0,0,0,0,0,0,0,0,0,0,0,0,1,0,1,0,Major metropolitan areas; open to office deals in NYC.,Domestic,"Pasadena, CA, USA","-DSCR: Minimum of 1.5x, but calculated favorably: Effective Gross Income = Potential Gross Income – 7% Vacancy. NOI = EGI – Expenses – 4% Management Fee. DSCR based on actual Debt Service, not a debt constant.
-Loan Structure: Amortization: 30 years, Term Options: 3, 5, 7-year fixed, then floating, Balloon: 10-year maturity
Current Rate: 6.75% fixed for initial term, Origination Fee: 0.50%.
-Recourse & Liquidity: For stabilized ES properties, recourse is required, Can be a person or entity of substance. Low liquidity requirement: around 5% in-house, flexible"
73,Redwood Savings Bank,,https://www.redwoodsavingsbank.com,Enrique Cox,https://www.linkedin.com/company/redwoodsavingsbank,enrique.cox@redwoodsavingsbank.com,+1 (212) 968-5371,Regional Bank,0,0,0,0,0,0,0,0,0,0,1,0,0,0,0,0,0,0,0,0,0,0,0,0,NY,,"New York, NY, USA",
74,Dragonfly Capital,,https://www.dragonflycapital.com,Alicia Ward,https://www.linkedin.com/company/dragonflycapital,alicia.ward@dragonflycapital.com,+1 (310) 987-6573,Private Credit Fund,0,0,0,1,1,1,1,0,0,0,0,0,0,0,0,0,0,0,0,0,0,0,0,1,"New York, NY, USA",Domestic,"New York, NY","They lend against public policy initiatives that have tax credits: Historical Restoration, Renewal Energy, coming Office to Resi conversion in NY. $2B Aums"
75,Ironwood Credit Union,,https://www.ironwoodcreditunion.com,Fernando Richardson,https://www.linkedin.com/company/ironwoodcreditunion,fernando.richardson@ironwoodcreditunion.com,+1 (305) 314-5808,Regional Bank,0,0,0,0,0,0,0,0,0,1,0,0,0,0,0,0,0,0,0,0,0,0,0,0,"Cleveland, OH",,,loan area:NAM. loan value range:$5MM - $ 75MM. estimated book size: $1B. 
76,Eclipse Partners,,https://www.eclipsepartners.com,Beatriz Watson,https://www.linkedin.com/company/eclipsepartners,beatriz.watson@eclipsepartners.com,+1 (312) 645-3591,Private Credit Fund,0,0,0,0,0,0,0,0,0,0,0,0,0,0,0,0,0,0,0,Private Debt / Structured Financing a empresas medianas (México),1,0,0,0,"Mexico City, Mexico",Domestic,Mexico City,"Flexible advisory terms, asset-specific structures"
77,Zenith Capital Management,,https://www.zenithcapitalmanagement.com,Gerardo Brooks,https://www.linkedin.com/company/zenithcapitalmanagement,gerardo.brooks@zenithcapitalmanagement.com,+1 (415) 664-1053,Other Lender,0,0,0,0,0,0,0,0,0,0,0,0,0,0,0,0,0,0,0,"Brokerage (equities, fixed income, FX)",0,0,0,0,"Mexico City, Mexico",Domestic,Mexico City,"Traditional brokerage, variable term notes"
78,Sunstone Mortgage Corp,,https://www.sunstonemortgagecorp.com,Veronica Chavez,https://www.linkedin.com/company/sunstonemortgagecorp,veronica.chavez@sunstonemortgagecorp.com,+1 (617) 939-5315,Mortgage Banking,0,1,0,0,0,0,0,0,0,0,0,0,0,0,0,0,0,0,0,0,1,0,0,0,Spain,Domestic,"Santa Cruz de Tenerife, España",They focus in dry Residential Real Estate loans in Spain against luxury properties
79,Arcturus Credit,,https://www.arcturuscredit.com,Hugo Wood,https://www.linkedin.com/company/arcturuscredit,hugo.wood@arcturuscredit.com,+1 (713) 712-3927,Other Lender,0,0,0,0,0,0,0,0,0,0,0,0,0,0,0,0,0,0,0,"Equity, long-term loans, mezzanine; fund investments",1,0,0,0,"Helsinki, Finland",International,"Helsinki, Finland","Long-term impact loans, concessional, up to 15 yrs"
80,Fidelitas Advisors,,https://www.fidelitasadvisors.com,Leticia Bennett,https://www.linkedin.com/company/fidelitasadvisors,leticia.bennett@fidelitasadvisors.com,+1 (214) 719-2743,Private Credit Fund,1,1,0,0,0,0,0,0,0,0,0,0,0,0,0,0,0,0,0,0,0,0,0,0,NY,Domestic,"New York, NY, USA","Direct lenders for small properties, loan amount: 1-10M, up to 4 units."
81,Borealis Funding,,https://www.borealisfunding.com,James Gray,https://www.linkedin.com/company/borealisfunding,james.gray@borealisfunding.com,+1 (602) 840-5889,Other Lender,0,0,0,0,0,0,0,0,0,0,1,0,0,0,0,0,0,0,0,0,0,0,0,0,Worldwide,Global,"Palm Beach, FL","Loan value Range: $1-100M, Estimated Loan Book Size: $500,000,000.00, Diligence (low 1-5 high)*: 4"
82,Cedarpoint Bank,,https://www.cedarpointbank.com,Maria Mendoza,https://www.linkedin.com/company/cedarpointbank,maria.mendoza@cedarpointbank.com,+1 (480) 854-9317,Regional Bank,1,0,0,0,0,0,0,0,0,0,0,0,0,0,0,0,0,0,0,0,0,0,0,0,Florida,Domestic,"Miami, FL, USA",They do from ground up construction to stabilization. 
83,Gryphon Asset Management 2,,https://www.gryphonassetmanagement2.com,Carlos Ruiz,https://www.linkedin.com/company/gryphonassetmanagement2,carlos.ruiz@gryphonassetmanagement2.com,+1 (520) 823-4258,Private Credit Fund,0,0,0,0,0,0,0,0,0,1,0,0,0,0,0,0,0,0,0,Aircrfat & Marine Lending,0,0,0,0,"Stuart, FL",International,"Stuart, FL",loan area:NAM. loan value range:$500K- $ 50MM. estimated book size: $350MM. 
84,Imperium Global Bank,,https://www.imperiumglobalbank.com,Jennifer Hughes,https://www.linkedin.com/company/imperiumglobalbank,jennifer.hughes@imperiumglobalbank.com,+1 (512) 356-7126,Global Bank,0,0,0,0,0,0,0,0,0,0,1,0,0,0,0,0,0,0,0,0,0,0,0,0,Worldwide,Global,"Miami, FL, USA","Loan value Range: $10M+, Estimated Loan Book Size: -, Diligence (low 1-5 high)*: 5"
85,Citadel Capital Advisors,,https://www.citadelcapitaladvisors.com,Roberto Price,https://www.linkedin.com/company/citadelcapitaladvisors,roberto.price@citadelcapitaladvisors.com,+1 (646) 980-3646,Other Lender,0,0,0,0,0,0,0,0,0,1,0,0,0,0,0,0,0,0,0,0,0,0,0,0,"Chicago, IL",Global,"Chicago, IL, USA",loan area: Global. loan value range: $5MM - $50MM. estimated book size: $200MM. comment: PE backed firm targeting middle market
86,Halcyon Investments,,https://www.halcyoninvestments.com,Sarah Alvarez,https://www.linkedin.com/company/halcyoninvestments,sarah.alvarez@halcyoninvestments.com,+1 (917) 752-9689,Private Credit Fund,0,1,1,1,1,1,1,0,0,0,0,0,0,0,0,0,0,0,0,0,1,0,0,0,NY,Domestic,"New York, NY, USA","Services: Specializes in providing capital for condominium construction projects.
Portfolio: Includes financing for projects like 960 Franklin Avenue in Brooklyn.
Website: https://www.g4capitalpartners.com/ourportfolio"
87,Lakeview Bancorp,,https://www.lakeviewbancorp.com,Michael Castillo,https://www.linkedin.com/company/lakeviewbancorp,michael.castillo@lakeviewbancorp.com,+1 (347) 200-6310,Regional Bank,0,1,0,1,0,0,1,0,0,0,0,0,0,0,0,0,0,0,0,0,1,0,1,0,NY,Domestic,"New York, NY, USA","Specialist in NY metro CRE, including office & retail"
88,Lumina Global Markets,,https://www.luminaglobalmarkets.com,Ana Sanders,https://www.linkedin.com/company/luminaglobalmarkets,ana.sanders@luminaglobalmarkets.com,+1 (786) 700-1319,Global Asset Manager,0,0,0,0,0,0,0,1,0,0,0,0,0,0,0,0,0,1,0,0,0,0,0,0,NY,Global,"New York, NY, USA",
89,Invictus Capital Group,,https://www.invictuscapitalgroup.com,David Patel,https://www.linkedin.com/company/invictuscapitalgroup,david.patel@invictuscapitalgroup.com,+1 (954) 314-6947,Private Credit Fund,0,0,0,0,0,0,0,0,0,0,0,0,0,0,0,0,0,0,0,0,0,0,0,0,"London, UK",,,"Alternative lending, short/medium term, fintech-focused"
90,Stonebridge Financial,,https://www.stonebridgefinancial.com,Laura Myers,https://www.linkedin.com/company/stonebridgefinancial,laura.myers@stonebridgefinancial.com,+1 (561) 514-4923,Regional Bank,1,1,0,0,0,0,0,0,1,0,0,0,0,0,0,0,0,0,0,"Bridge, fix & flip, rental, construction loans.",1,0,1,0,"Sherman Oaks, California",Domestic,"Scottsdale, Arizona",
91,Javelin Global Bank,,https://www.javelinglobalbank.com,Daniel Smith,https://www.linkedin.com/company/javelinglobalbank,daniel.smith@javelinglobalbank.com,+1 (818) 259-4946,Global Bank,0,1,0,1,1,1,1,0,0,0,0,0,0,0,0,0,0,0,0,0,1,0,1,0,"London, UK",Global,Mexico City,"International loans, variable/fixed, full suite"
92,Dragonfly Investment Group,,https://www.dragonflyinvestmentgroup.com,Patricia Johnson,https://www.linkedin.com/company/dragonflyinvestmentgroup,patricia.johnson@dragonflyinvestmentgroup.com,+1 (323) 780-2290,,0,0,0,0,0,0,0,0,0,1,0,0,0,0,0,0,0,0,0,0,0,0,0,0,"Bridgeport, CT",,,loan area: US. loan value range: $1MM - $50MM. estimated book size: $750MM. comment: Very competetive strong regional bank
93,Jupiter Credit Partners,,https://www.jupitercreditpartners.com,Richard Martinez,https://www.linkedin.com/company/jupitercreditpartners,richard.martinez@jupitercreditpartners.com,+1 (949) 287-8962,Private Credit Fund,0,0,0,0,0,0,0,1,0,0,0,0,0,0,0,0,0,0,0,"Private Debt Funds, Factoring, Corporate Lending",1,0,0,0,"Lima, Peru",Domestic,"Lima, Peru","PE investments, tailored IRRs and exits"
94,Kronos Lending,,https://www.kronoslending.com,Monica Garcia,https://www.linkedin.com/company/kronoslending,monica.garcia@kronoslending.com,+1 (858) 270-9727,Private Credit Fund,0,1,0,0,1,0,0,0,0,0,0,0,0,0,0,0,0,0,0,"Debt & Equity placement; Agency (Fannie Mae, Freddie Mac, FHA/HUD), Bridge, CMBS; Preferred Equity",1,0,0,1,New York,Domestic,"New York, NY, USA","HUD,CMBS,Bridge & Mezzanine, Preferred equity"
95,Foxridge Trust,,https://www.foxridgetrust.com,Thomas Rodriguez,https://www.linkedin.com/company/foxridgetrust,thomas.rodriguez@foxridgetrust.com,+1 (619) 984-3060,Regional Bank,0,1,0,1,1,0,1,0,0,0,0,0,0,0,0,0,0,0,0,0,1,0,1,0,"Dallas, Texas",Domestic,"Dallas, Texas",We were analyzing the construction industrial financing for the Omni investment building.
96,Eclipse Capital,,https://www.eclipsecapital.com,Elena Lopez,https://www.linkedin.com/company/eclipsecapital,elena.lopez@eclipsecapital.com,+1 (503) 331-8787,Other Lender,0,0,0,0,0,0,0,0,0,0,0,0,0,0,0,0,0,0,0,Investment Holding / Hedge Fund,0,0,0,0,"Mexico City, Mexico",International,Mexico City,
97,Nexus Investment Solutions,,https://www.nexusinvestmentsolutions.com,William Hernandez,https://www.linkedin.com/company/nexusinvestmentsolutions,william.hernandez@nexusinvestmentsolutions.com,+1 (206) 762-3705,Global Asset Manager,0,1,0,1,1,0,1,0,0,0,0,0,0,0,0,0,0,0,0,0,0,0,1,1,"Miami, FL, USA",Global,"Miami, FL, USA","PE & credit, IRR 10–15%, 3–7 years"
98,Mapleton Savings Bank,,https://www.mapletonsavingsbank.com,Sophia Gonzalez,https://www.linkedin.com/company/mapletonsavingsbank,sophia.gonzalez@mapletonsavingsbank.com,+1 (404) 471-9645,Regional Bank,0,0,0,0,0,0,0,0,0,0,0,0,0,0,0,0,0,0,0,0,0,0,0,0,CA,,,
99,Fidelitas Partners,,https://www.fidelitaspartners.com,Christopher Wilson,https://www.linkedin.com/company/fidelitaspartners,christopher.wilson@fidelitaspartners.com,+1 (678) 821-7932,Other Lender,0,0,0,0,0,0,0,1,0,0,0,0,0,0,0,0,0,0,0,0,1,1,0,0,"Washington, D.C., USA",International,Mexico City,"Development finance, low rates, 5–20 yrs"
100,Lumina Finance,,https://www.luminafinance.com,Isabella Anderson,https://www.linkedin.com/company/luminafinance,isabella.anderson@luminafinance.com,+1 (770) 416-9835,Private Credit Fund,0,0,0,0,0,0,0,0,0,0,0,0,0,0,1,0,0,0,0,0,0,0,0,0,NY,,"New York, NY, USA","They can do LP financing (40/60 LV), Loan on Loans (for income producing assets), rate: SOFR + above 5%, term: 3 to 6 years"
101,Nexus Capital Management,,https://www.nexuscapitalmanagement.com,Andrew Taylor,https://www.linkedin.com/company/nexuscapitalmanagement,andrew.taylor@nexuscapitalmanagement.com,+1 (704) 973-4295,Private Credit Fund,0,0,0,0,0,0,0,0,0,0,0,0,0,0,0,0,0,0,0,0,0,0,0,0,"Santiago, Chile",,,"Funds, medium-term (5–7 yrs), Latin America focused"
102,Oakmont Credit Union,,https://www.oakmontcreditunion.com,Natalia Thompson,https://www.linkedin.com/company/oakmontcreditunion,natalia.thompson@oakmontcreditunion.com,+1 (919) 930-6107,Regional Bank,1,1,0,1,0,1,1,0,0,0,0,0,0,0,0,0,0,0,0,0,1,0,1,0,"Miami, FL, USA",International,"Miami, FL, USA",
103,Gryphon Advisors,,https://www.gryphonadvisors.com,Matthew Brown,https://www.linkedin.com/company/gryphonadvisors,matthew.brown@gryphonadvisors.com,+1 (202) 608-7118,Other Lender,1,1,0,1,1,1,1,0,0,0,0,0,0,0,1,0,0,0,1,0,1,1,0,1,"Washington, D.C., USA",Global,"Washington, D.C","Blended finance, long-term loans, ~5–15 yrs"
104,Olympus Credit,,https://www.olympuscredit.com,Valentina Davis,https://www.linkedin.com/company/olympuscredit,valentina.davis@olympuscredit.com,+1 (301) 648-9479,Private Credit Fund,0,0,0,0,0,0,0,0,0,0,0,0,0,0,0,0,0,0,0,0,0,0,0,0,Florida,,,Mezzanine positions in all types of assets
105,Willowbrook Bank,,https://www.willowbrookbank.com,Joshua Miller,https://www.linkedin.com/company/willowbrookbank,joshua.miller@willowbrookbank.com,+1 (571) 662-2982,Regional Bank,1,0,0,1,1,1,0,0,0,0,0,0,0,0,0,0,0,0,0,0,1,0,1,0,"Miami, FL, USA",Domestic,"Miami, FL, USA","Only Miami area. Up to 18mm, 1.25x DSCR. They will look into specialty assets o. Recourse for any one owning more than 20%. She can work with non-residents. Mostly Ecuador or where Banco Pichincha have presence. Recourse. Cashflowing or maybe construction multifamily, some indusitral, retail with strong tenants, stabilized offices in good locations. For a NRA always start with trackrecord and liquidity of the sponsor."
106,Keystone Global Bank,,https://www.keystoneglobalbank.com,Camila Moore,https://www.linkedin.com/company/keystoneglobalbank,camila.moore@keystoneglobalbank.com,+1 (469) 453-4681,Global Bank,0,0,0,0,0,0,0,0,0,0,0,0,0,0,0,0,0,0,0,0,1,1,1,0,Netherlands,Global,"New York, NY","Loan value Range: $1M+, Estimated Loan Book Size: $1,000,000,000.00, Diligence (low 1-5 high)*: 5"
107,Latitude Global Bank,,https://www.latitudeglobalbank.com,Robert Jackson,https://www.linkedin.com/company/latitudeglobalbank,robert.jackson@latitudeglobalbank.com,+1 (972) 265-6539,Global Bank,1,1,1,1,1,1,1,1,0,0,0,0,0,0,0,0,0,0,0,0,1,1,1,0,"New York, NY, USA",Global,"Miami, FL, USA",James is the US Head of Commercial Real Estate Finance of HSBC US
108,Halcyon Asset Management,,https://www.halcyonassetmanagement.com,Gabriela Martin,https://www.linkedin.com/company/halcyonassetmanagement,gabriela.martin@halcyonassetmanagement.com,+1 (281) 221-4770,,1,1,0,1,1,0,0,0,0,0,1,0,0,0,0,0,0,0,0,0,0,0,0,0,Worldwide,Global,Spain,"Loan value Range: $1-10M, Estimated Loan Book Size: $20,000,000.00, Diligence (low 1-5 high)*: 3"
109,Creekside Bancorp,,https://www.creeksidebancorp.com,John Lee,https://www.linkedin.com/company/creeksidebancorp,john.lee@creeksidebancorp.com,+1 (212) 802-4608,Regional Bank,0,1,0,1,1,0,1,0,0,0,0,0,0,0,0,0,0,0,0,0,0,0,0,0,NY,Domestic,"New York, NY, USA",Active in NJ/Greater NY/CT/PA/MA/MD/DE/VA regions.
110,Bayshore Financial,,https://www.bayshorefinancial.com,Alejandra Perez,https://www.linkedin.com/company/bayshorefinancial,alejandra.perez@bayshorefinancial.com,+1 (310) 207-2163,Regional Bank,1,1,0,1,1,1,1,0,0,0,0,0,0,0,0,0,0,0,0,0,1,0,0,1,"New York, NY, USA",Domestic,"New York, NY, USA",Large bank with national CRE platform
111,Invictus Investments,,https://www.invictusinvestments.com,Steven White,https://www.linkedin.com/company/invictusinvestments,steven.white@invictusinvestments.com,+1 (305) 924-1964,Other Lender,0,0,0,0,0,0,0,0,0,0,0,0,0,0,0,0,0,0,0,0,0,0,0,0,"Amersfoort, Netherlands",,,"Concessional rates, social impact, long-term"
112,Jupiter Capital Group,,https://www.jupitercapitalgroup.com,Victoria Harris,https://www.linkedin.com/company/jupitercapitalgroup,victoria.harris@jupitercapitalgroup.com,+1 (312) 434-2104,,0,0,0,0,0,0,0,0,0,0,0,0,0,0,0,0,0,0,0,0,0,0,0,0,New York,,,"Loan value Range: $100k-$5M, Estimated Loan Book Size: $30,000,000.00, Diligence (low 1-5 high)*: 5"
113,Kronos Credit Partners,,https://www.kronoscreditpartners.com,Mark Clark,https://www.linkedin.com/company/kronoscreditpartners,mark.clark@kronoscreditpartners.com,+1 (415) 232-6413,,0,0,0,0,0,0,0,0,0,0,0,0,0,0,0,0,0,0,0,0,0,0,0,0,"Denver, CO",,,
114,Olympus Global Advisors,,https://www.olympusglobaladvisors.com,Andrea Lewis,https://www.linkedin.com/company/olympusglobaladvisors,andrea.lewis@olympusglobaladvisors.com,+1 (617) 272-9423,Global Asset Manager,0,1,0,1,1,1,1,0,0,0,0,0,0,0,0,0,0,0,0,0,1,1,0,1,New York,Domestic,"New York, NY, USA",Senior mortgage on Riverbend (Pensam)
115,Lumina Lending,,https://www.luminalending.com,Brian Robinson,https://www.linkedin.com/company/luminalending,brian.robinson@luminalending.com,+1 (713) 443-5562,,0,0,0,0,0,0,0,0,0,0,0,0,0,0,0,0,0,0,0,0,0,0,0,0,NY,,"New York, NY, USA","Services: Offers new construction loans covering up to 85% of the project cost, with loan amounts ranging from $250,000 to $10 million.                                                              Terms: 12-24 month interest-only periods, fast approvals, and funding.                                                                                                       Website: https://lendingone.com/loans/new-construction/new-york/brooklyn/"
116,Phoenix Funding,,https://www.phoenixfunding.com,Carolina Walker,https://www.linkedin.com/company/phoenixfunding,carolina.walker@phoenixfunding.com,+1 (214) 885-8953,Private Credit Fund,0,0,0,0,0,0,0,0,0,0,0,0,0,0,0,0,0,0,0,0,0,0,0,0,"Miami, FL, USA",,"Miami, FL, USA",Private equity and credit investments; flexible structures
117,Resolute Capital Advisors,,https://www.resolutecapitaladvisors.com,Kevin Young,https://www.linkedin.com/company/resolutecapitaladvisors,kevin.young@resolutecapitaladvisors.com,+1 (602) 419-9834,Private Credit Fund,1,1,0,1,1,1,1,0,0,0,0,0,0,0,0,0,0,0,0,0,1,1,0,0,"New York, Los Angeles",Domestic,"New York, NY, USA",Has invested in more than $2 billion of equity and development deals
118,Sentry Investment Group,,https://www.sentryinvestmentgroup.com,Paula Allen,https://www.linkedin.com/company/sentryinvestmentgroup,paula.allen@sentryinvestmentgroup.com,+1 (480) 335-8744,Private Credit Fund,0,0,0,0,0,0,0,0,0,1,1,0,1,0,0,0,0,0,0,0,0,0,0,0,Worldwide,,,"Loan value Range: $500k-100M, Estimated Loan Book Size: -, Diligence (low 1-5 high)*: 4"
119,Phoenix Asset Management,,https://www.phoenixassetmanagement.com,Jason King,https://www.linkedin.com/company/phoenixassetmanagement,jason.king@phoenixassetmanagement.com,+1 (520) 448-8749,Global Asset Manager,1,1,0,1,1,1,1,0,1,0,0,0,0,0,0,0,0,0,0,0,1,0,0,1,NY,Global,"New York, NY, USA",
120,Titan Capital,,https://www.titancapital.com,Diana Wright,https://www.linkedin.com/company/titancapital,diana.wright@titancapital.com,+1 (512) 616-4119,Private Credit Fund,0,1,0,1,1,1,1,0,0,0,0,0,0,0,0,0,0,0,0,0,1,0,0,1,"Los Angeles, New York, Chicago, and San Francisco",Domestic,Los Angeles,"Loan Size: $20–$400 million
Loan Type: First Mortgage and Mezzanine
Loan Term: 2 to 10+ years
Loan to Value / Loan to Cost: Up to 75% LTV/LTC
DSCR Requirements: Existing DSCR’s below 1.0x are acceptable
Interest Rates / Coupons: Competitive market rates
Loan Fees: Typically 1.00% of the loan amount
Amortization: Interest Only"
121,Prism Assurance,,https://www.prismassurance.com,Ryan Scott,https://www.linkedin.com/company/prismassurance,ryan.scott@prismassurance.com,+1 (646) 296-2588,Insurance Company,1,1,0,1,1,1,1,0,1,0,0,0,0,0,0,0,0,0,0,0,1,1,0,0,US and Mexico,Global,Mexico City,"Term 3 to 5 if variable rate, 3 to 10 if fixed rate. Amort up to 30 yrs with I/O period, LTV up to 55%, ticket size us$20M to us$70M. Same criteria for US and Mexico. Current portfolio size in Mexico is $3.2Bn."
122,Ridgewood Trust,,https://www.ridgewoodtrust.com,Lucia Torres,https://www.linkedin.com/company/ridgewoodtrust,lucia.torres@ridgewoodtrust.com,+1 (917) 874-8062,Regional Bank,0,0,0,1,1,0,0,1,1,0,0,0,0,0,0,0,0,0,0,0,1,0,0,0,NY,Domestic,"New York, NY, USA","They finance CRE in New York and surrounding areas, specifically office properties in Manhattan.They do Real Estate Construction and Real Estate Mezzanine
"
123,Nexus Finance,,https://www.nexusfinance.com,Eric Nguyen,https://www.linkedin.com/company/nexusfinance,eric.nguyen@nexusfinance.com,+1 (347) 562-7939,,0,0,0,0,0,0,0,0,0,0,0,0,0,0,0,0,0,0,0,0,0,0,0,0,"Chicago, IL, USA",,,
124,Olympus Capital Management,,https://www.olympuscapitalmanagement.com,Marina Hill,https://www.linkedin.com/company/olympuscapitalmanagement,marina.hill@olympuscapitalmanagement.com,+1 (786) 620-8651,,0,0,0,0,0,0,0,0,0,0,0,0,0,0,0,0,0,0,0,0,0,0,0,0,USA,,,"Loan value Range: $500k-$5M, Estimated Loan Book Size: $10,000,000.00, Diligence (low 1-5 high)*: ?"
125,Phoenix Credit,,https://www.phoenixcredit.com,Patrick Flores,https://www.linkedin.com/company/phoenixcredit,patrick.flores@phoenixcredit.com,+1 (954) 946-1887,,0,0,0,0,0,0,0,0,0,1,0,0,0,0,0,0,0,0,0,0,0,0,0,0,"Vienna, Austria",,,loan area: Global. loan value range: $1MM - $50MM. estimated book size: $1.5B. comment: Will do Eastern Europe
126,Sunstone Savings Bank,,https://www.sunstonesavingsbank.com,Teresa Green,https://www.linkedin.com/company/sunstonesavingsbank,teresa.green@sunstonesavingsbank.com,+1 (561) 889-2612,Regional Bank,0,0,0,0,0,0,0,0,0,0,0,0,0,0,0,0,0,0,0,0,0,0,0,0,NY,,"New York, NY, USA",Conservative in Manhattan with recourse and lower LTV (60–65%). Typical loans $2M–$15M; occasionally $20M+ for strong clients.
127,Resolute Funding,,https://www.resolutefunding.com,George Adams,https://www.linkedin.com/company/resolutefunding,george.adams@resolutefunding.com,+1 (818) 262-7596,,0,0,0,0,0,0,0,0,0,0,0,0,0,0,0,0,0,0,0,0,0,0,0,0,NY,,"New York, NY, USA","Services: Offers construction loans with interest rates starting at 9.75%, covering up to 90% of the project cost.                                                                             Requirements: Minimum FICO score of 650.                                                                 Website: https://newsilver.com/ground-up/construction-loans-new-york/"
128,Umbra Partners,,https://www.umbrapartners.com,Carmen Nelson,https://www.linkedin.com/company/umbrapartners,carmen.nelson@umbrapartners.com,+1 (323) 945-6559,Private Credit Fund,0,0,0,0,0,0,0,0,0,0,0,0,0,0,0,0,0,0,0,"Asset-Based Lending (ABL), Factoring, Purchase Order Financing, Working Capital Loans",0,0,0,0,US,Domestic,"Phoenix, AZ, USA",Financing for VC companies that need liquidity. 17% rate. Willing to finance LP positions. Ticket size $2 to $10 million
129,Quasar Life Insurance,,https://www.quasarlifeinsurance.com,Edward Baker,https://www.linkedin.com/company/quasarlifeinsurance,edward.baker@quasarlifeinsurance.com,+1 (949) 311-5073,Insurance Company,1,1,1,1,1,1,1,0,0,0,0,0,0,0,0,0,0,0,0,0,1,1,0,1,NY,Domestic,"New York, NY, USA","real estate lender for CRE, minimum loan size $20M, non-recourse guarantor has to be in US and will require 100% of Loan Amount of NW and 10% of Loan as liquidity, rate: 200 to 300 over SoFR, can do fixed and floating, floating typically 3+1+1 term, can do value add and owner occupied. If loan is big above 100 million they can get more creative and more flexibility."
130,Sentry Capital Advisors,,https://www.sentrycapitaladvisors.com,Adriana Hall,https://www.linkedin.com/company/sentrycapitaladvisors,adriana.hall@sentrycapitaladvisors.com,+1 (858) 396-4116,,0,0,0,0,0,0,0,0,0,1,0,0,0,0,0,0,0,0,0,0,0,0,0,0,"Salem, MA",,,loan area: US. loan value range: $50K - $5MM. estimated book size: $1B. comment: Large player in small aircraft lending; also does white label lending
131,Titan Investment Group,,https://www.titaninvestmentgroup.com,Peter Rivera,https://www.linkedin.com/company/titaninvestmentgroup,peter.rivera@titaninvestmentgroup.com,+1 (619) 749-8350,,0,0,0,0,0,0,0,0,0,1,0,0,0,0,0,0,0,0,0,0,0,0,0,0,"Columbus, OH",,,loan area: US. loan value range: $50K - $1MM. estimated book size: $500MM. comment: National lender and a leader insmall aircraft finance
132,Ashford Credit Union,,https://www.ashfordcreditunion.com,Daniela Campbell,https://www.linkedin.com/company/ashfordcreditunion,daniela.campbell@ashfordcreditunion.com,+1 (503) 343-7912,Regional Bank,0,0,0,0,0,0,0,0,0,0,0,0,0,0,0,0,0,0,0,Mezzanine,1,1,1,0,"Mexico City, Mexico",Domestic,Mexico City,"Growth equity, 5–8 year horizon, flexible structures"
133,Veritas Advisors,,https://www.veritasadvisors.com,Henry Mitchell,https://www.linkedin.com/company/veritasadvisors,henry.mitchell@veritasadvisors.com,+1 (206) 387-5563,Private Credit Fund,0,0,0,0,0,0,0,0,0,1,0,0,0,0,0,0,0,0,0,0,0,0,0,0,"Atlanta, GA",International,"Atlanta, GA, USA",loan area: Worldwide. loan value range: $5M - $50MM. estimated book size: $100MM. comment: Founded by former headed of AF at Guggenheim
134,Warden Asset Management,,https://www.wardenassetmanagement.com,Fernanda Carter,https://www.linkedin.com/company/wardenassetmanagement,fernanda.carter@wardenassetmanagement.com,+1 (404) 673-5092,Private Credit Fund,0,1,0,1,1,0,1,0,0,0,1,0,0,0,1,0,1,0,0,0,0,0,0,0,California,Domestic,"New York, NY","Loan value Range: Not active - defaults, Estimated Loan Book Size: $50,000,000.00, Diligence (low 1-5 high)*: 3"
135,Monarch Global Bank,,https://www.monarchglobalbank.com,Samuel Roberts,https://www.linkedin.com/company/monarchglobalbank,samuel.roberts@monarchglobalbank.com,+1 (678) 277-8260,Global Bank,1,1,1,1,1,1,1,0,0,1,0,0,0,0,0,0,0,0,0,0,0,0,0,0,"Paris, France",Global,,loan area: Global. loan value range: $5MM - $100MM. estimated book size: $1B. comment: Private bank deals only
136,Axiom Investments,,https://www.axiominvestments.com,Claudia Gomez,https://www.linkedin.com/company/axiominvestments,claudia.gomez@axiominvestments.com,+1 (770) 763-2604,Private Credit Fund,0,1,0,1,1,0,1,0,0,1,0,0,0,0,1,0,1,0,0,0,0,0,0,0,US,Domestic,,South River has built a business: they create pools of 5 loans.
137,Whitefield Bank,,https://www.whitefieldbank.com,Alexander Phillips,https://www.linkedin.com/company/whitefieldbank,alexander.phillips@whitefieldbank.com,+1 (704) 251-9856,Regional Bank,1,1,0,1,1,0,1,0,0,0,0,0,0,0,0,0,0,0,0,0,1,0,0,0,NY,Domestic,"New York, NY, USA",Strong in construction and small CRE in NY metro
138,Umbra Capital,,https://www.umbracapital.com,Lorena Evans,https://www.linkedin.com/company/umbracapital,lorena.evans@umbracapital.com,+1 (919) 215-2528,,0,0,0,0,0,0,0,0,0,0,0,0,0,0,0,0,0,0,0,0,0,0,0,0,London,,,"Loan value Range: $100k-$5M, Estimated Loan Book Size: $30,000,000.00, Diligence (low 1-5 high)*: 4"
139,Resolute Wealth Partners,,https://www.resolutewealthpartners.com,Philip Turner,https://www.linkedin.com/company/resolutewealthpartners,philip.turner@resolutewealthpartners.com,+1 (202) 971-4872,Global Asset Manager,0,0,0,0,0,0,0,0,0,0,0,0,0,0,0,0,0,0,0,"Equity (VC/PE), Mezzanine",0,0,0,0,"Mexico City, Mexico",Global,Mexico City,Real estate investment management; terms depend on fund structure
140,Veritas Partners,,https://www.veritaspartners.com,Mariana Diaz,https://www.linkedin.com/company/veritaspartners,mariana.diaz@veritaspartners.com,+1 (301) 370-7658,,0,0,0,0,0,0,0,0,0,0,0,0,0,0,0,0,0,0,0,0,0,0,0,0,"Chicago, IL, USA",,,
141,Brookhaven Bancorp,,https://www.brookhavenbancorp.com,Antonio Parker,https://www.linkedin.com/company/brookhavenbancorp,antonio.parker@brookhavenbancorp.com,+1 (571) 697-8886,Regional Bank,1,1,1,0,1,1,1,0,0,0,0,0,0,0,0,0,0,0,0,0,1,0,0,0,Florida,Domestic,"Miami, FL, USA","For real estate deals. Pricing is around 6.75%, for non recourse they like DSCR above 1.55x, else recourse loans. They like having deposits on top of the operating accounts to have the deal approved."
142,Warden Advisors,,https://www.wardenadvisors.com,Silvia Cruz,https://www.linkedin.com/company/wardenadvisors,silvia.cruz@wardenadvisors.com,+1 (469) 418-7570,,0,0,0,0,0,0,0,0,0,1,0,0,0,0,0,0,0,0,0,0,0,0,0,0,"Whichita, KS",,,"loan area: Global. loan value range: $1MM - $30MM. estimated book size: $1B. comment: Captive lender for Cessna, Beechcraft and Bell"
143,Axiom Asset Management,,https://www.axiomassetmanagement.com,Francisco Edwards,https://www.linkedin.com/company/axiomassetmanagement,francisco.edwards@axiomassetmanagement.com,+1 (972) 260-3697,,0,0,0,0,0,0,0,0,0,0,0,0,0,0,0,0,0,0,0,0,0,0,0,0,New York,,,"Loan value Range: $100k-1M, Estimated Loan Book Size: $50,000,000.00, Diligence (low 1-5 high)*: 5"
144,Fairmont Financial,,https://www.fairmontfinancial.com,Rosa Collins,https://www.linkedin.com/company/fairmontfinancial,rosa.collins@fairmontfinancial.com,+1 (281) 588-1035,Regional Bank,1,1,1,1,1,0,1,0,1,0,0,0,0,0,0,0,0,0,0,0,1,0,1,0,"Miami, FL, USA",Domestic,"Miami, FL, USA",
145,Beacon Investments,,https://www.beaconinvestments.com,Miguel Reyes,https://www.linkedin.com/company/beaconinvestments,miguel.reyes@beaconinvestments.com,+1 (212) 599-5345,,0,0,0,0,0,0,0,0,0,0,1,0,0,0,0,0,0,0,0,0,0,0,0,0,Worldwide,,,"Loan value Range: Not active - defaults, Estimated Loan Book Size: $20,000,000.00, Diligence (low 1-5 high)*: 3"
146,Thornton Trust,,https://www.thorntontrust.com,Sandra Stewart,https://www.linkedin.com/company/thorntontrust,sandra.stewart@thorntontrust.com,+1 (310) 665-5673,Regional Bank,0,0,0,0,0,0,0,0,0,0,0,0,0,0,0,0,0,0,0,0,0,0,0,0,"Zeist, Netherlands",,,"Impact loans, fixed/low rates, ethical finance"
147,Beacon Capital Group,,https://www.beaconcapitalgroup.com,Rafael Morris,https://www.linkedin.com/company/beaconcapitalgroup,rafael.morris@beaconcapitalgroup.com,+1 (305) 633-8973,Private Credit Fund,0,0,0,0,0,0,0,0,0,0,0,0,0,0,0,0,0,0,0,0,0,0,0,0,"Amsterdam, Netherlands",,,"Impact finance, flexible terms, emerging markets"
148,Catalyst Credit Partners,,https://www.catalystcreditpartners.com,Gloria Morales,https://www.linkedin.com/company/catalystcreditpartners,gloria.morales@catalystcreditpartners.com,+1 (312) 358-4111,Private Credit Fund,1,1,0,1,1,0,1,0,0,0,0,0,0,0,0,0,0,0,0,0,0,0,0,0,"Los Ángeles, NY, Las Vegas.",Domestic,Los Ángeles,
149,Nomad Global Bank,,https://www.nomadglobalbank.com,Luis Murphy,https://www.linkedin.com/company/nomadglobalbank,luis.murphy@nomadglobalbank.com,+1 (415) 503-4566,Global Bank,0,0,0,0,0,0,0,0,0,1,0,0,0,0,0,0,0,0,0,0,0,0,0,0,"Zurich, Switzerland",,,"loan area: Global. loan value range: $5MM - $100MM. estimated book size: $5B. comment: Does more than private bank deals, as group is in leasing company"
150,Glendale Savings Bank,,https://www.glendalesavingsbank.com,Raquel Cook,https://www.linkedin.com/company/glendalesavingsbank,raquel.cook@glendalesavingsbank.com,+1 (617) 259-9883,Regional Bank,1,1,1,1,1,1,1,0,1,0,0,0,0,0,0,0,0,0,0,0,1,1,1,1,"Worcestor, MA",Domestic,"Sutton, MA",loan area: US. loan value range: $50K - $5MM. estimated book size: $300MM. comment: Small regional bank in Eastern/Central MA
151,Millstone Credit Union,,https://www.millstonecreditunion.com,Arturo Rogers,https://www.linkedin.com/company/millstonecreditunion,arturo.rogers@millstonecreditunion.com,+1 (713) 262-6138,Regional Bank,1,1,1,1,1,1,1,0,1,0,0,0,0,0,0,0,0,0,0,0,1,1,1,1,NY,Domestic,"New York, NY, USA",CRE active in CT/NY
152,Clarkson Bank,,https://www.clarksonbank.com,Pilar Gutierrez,https://www.linkedin.com/company/clarksonbank,pilar.gutierrez@clarksonbank.com,+1 (214) 258-1821,Regional Bank,1,1,1,1,1,1,1,0,1,0,0,0,0,0,0,0,0,0,0,0,1,1,1,1,"North Carolina, USA",Domestic,"San Francisco, CA ",loan area: US. loan value range: $50K - $5MM. estimated book size: $400MM. comment: Small regional bank in Eastern NC
153,Sentry Investment Management,,https://www.sentryinvestmentmanagement.com,Enrique Ortiz,https://www.linkedin.com/company/sentryinvestmentmanagement,enrique.ortiz@sentryinvestmentmanagement.com,+1 (602) 798-8811,Global Asset Manager,0,0,0,0,0,0,0,0,0,0,0,0,0,0,0,0,0,0,0,Private Debt / Mezzanine,0,1,0,0,"Mexico City, Mexico",Domestic,Mexico City,"M&A and growth finance, variable terms"
154,Edgewater Bancorp,,https://www.edgewaterbancorp.com,Alicia Morgan,https://www.linkedin.com/company/edgewaterbancorp,alicia.morgan@edgewaterbancorp.com,+1 (480) 714-9701,Regional Bank,1,1,0,1,1,0,1,1,1,0,0,0,0,0,0,0,0,0,0,C&I lending (equipment/working capital via Commercial & Industrial),0,0,0,0,NY,Domestic,"New York, NY, USA","Loan value range: $3MM–$25MM | Estimated book size: ~$2B | Rate types: Fixed & Variable | Comment: Private bank deals only, HNW clients focused."
155,Raptor Underwriters,,https://www.raptorunderwriters.com,Fernando Cooper,https://www.linkedin.com/company/raptorunderwriters,fernando.cooper@raptorunderwriters.com,+1 (520) 361-1931,Insurance Company,1,1,0,1,1,1,1,1,1,0,0,0,0,0,0,0,0,0,0,0,1,1,1,1,NY,Global,"New York, NY, USA",Class A assets
156,Titan Capital Markets,,https://www.titancapitalmarkets.com,Beatriz Peterson,https://www.linkedin.com/company/titancapitalmarkets,beatriz.peterson@titancapitalmarkets.com,+1 (512) 720-2312,Global Asset Manager,0,0,0,0,0,0,0,0,0,0,0,0,0,0,0,0,0,0,0,"Corporate Private Credit (direct lending), senior secured, colateral and covenants.",1,0,1,0,US,Global,"New York, NY, USA",They do primarily LBOs in any industry
157,Windham Financial,,https://www.windhamfinancial.com,Gerardo Bailey,https://www.linkedin.com/company/windhamfinancial,gerardo.bailey@windhamfinancial.com,+1 (646) 390-2122,Regional Bank,1,1,1,1,1,0,1,1,1,0,0,0,0,0,0,0,0,0,0,"Acquisition & Development (A&D), CRE term loans/lines.",1,0,1,0,"Miami, FL, USA",Domestic,"Miami, FL, USA",Florida Based
158,Ashford Mortgage Banking,,https://www.ashfordmortgagebanking.com,Veronica Reed,https://www.linkedin.com/company/ashfordmortgagebanking,veronica.reed@ashfordmortgagebanking.com,+1 (917) 809-2113,Mortgage Banking,0,0,0,0,0,0,0,0,1,0,0,0,0,0,0,0,0,0,0,Investment property loans (retail mortgage programs),1,0,1,0,"Miami, FL, USA",Domestic,"Miami, FL, USA","Experienced with financing for acquisition, recapitalization and development of commercial properties"
159,Dynamo Lending,,https://www.dynamolending.com,Hugo Kelly,https://www.linkedin.com/company/dynamolending,hugo.kelly@dynamolending.com,+1 (347) 891-4853,Private Credit Fund,1,1,1,1,1,0,1,1,0,0,0,0,0,0,0,0,0,0,0,Bridge loans for CRE,1,0,0,0,Miami,Domestic,"Aventura, FL, USA",Interest Rate: As low as Prime + 250 bps | Loan Term: 6 - 24 months + Extensions | Amortization: Interest Only | Security: First Mortgage Lien or Deed of Trust | Loan-to-Value/Loan-to-Cost: Up to 70% of Current Value | Origination/Exit Fee: 1 - 4% | Minimum Yield: 6 - 12 months
160,Orion Global Bank,,https://www.orionglobalbank.com,Leticia Howard,https://www.linkedin.com/company/orionglobalbank,leticia.howard@orionglobalbank.com,+1 (786) 613-2964,Global Bank,0,0,0,0,0,0,0,0,0,1,0,0,0,0,0,0,0,0,0,0,0,0,0,0,"Minneapolis, MN",,,loan area:NAM. loan value range:$2MM - $ 75MM. estimated book size: $5B. 
161,Rosewood Trust,,https://www.rosewoodtrust.com,James Ramos,https://www.linkedin.com/company/rosewoodtrust,james.ramos@rosewoodtrust.com,+1 (954) 783-5033,Regional Bank,1,1,1,1,1,0,1,1,1,0,0,0,0,0,0,0,0,0,0,0,1,0,0,0,US,Domestic,"Miami, FL, USA","1.25x DSCR on commercial, specialty assets 1.35x and 55% LTV "
162,Stratton Savings Bank,,https://www.strattonsavingsbank.com,Maria Kim,https://www.linkedin.com/company/strattonsavingsbank,maria.kim@strattonsavingsbank.com,+1 (561) 792-1651,Regional Bank,0,0,0,0,0,0,0,0,0,0,0,0,0,0,0,0,0,0,0,0,0,0,0,0,CA,,,
163,Epoch Finance,,https://www.epochfinance.com,Carlos Cox,https://www.linkedin.com/company/epochfinance,carlos.cox@epochfinance.com,+1 (818) 834-2343,Private Credit Fund,1,1,1,1,1,1,1,0,1,0,0,0,0,0,1,1,1,1,0,0,1,1,0,1,"NY, San Francisco",Domestic,"New York, NY, USA",
164,Fulcrum Capital Management,,https://www.fulcrumcapitalmanagement.com,Jennifer Ward,https://www.linkedin.com/company/fulcrumcapitalmanagement,jennifer.ward@fulcrumcapitalmanagement.com,+1 (323) 629-9565,Private Credit Fund,1,1,1,1,1,1,1,1,1,0,0,0,0,0,1,0,1,1,0,Private Credit / Mezzanine / Distressed Debt / Special Situations,1,1,0,0,"Mexico City, Mexico",Domestic,Mexico City,"Opportunistic PE, 5–7 year cycles, co-investment"
165,Genesis Credit,,https://www.genesiscredit.com,Roberto Richardson,https://www.linkedin.com/company/genesiscredit,roberto.richardson@genesiscredit.com,+1 (949) 523-5272,Private Credit Fund,1,0,1,1,0,1,0,0,1,0,0,0,0,0,0,0,0,0,0,CRE loans / Bridge financing,0,0,0,0,New York,Domestic,New York,
166,Umbra Securities,,https://www.umbrasecurities.com,Sarah Watson,https://www.linkedin.com/company/umbrasecurities,sarah.watson@umbrasecurities.com,+1 (858) 409-6147,Global Asset Manager,1,1,1,1,1,0,1,0,0,0,0,0,0,0,0,0,0,0,0,"Bridge loans, Construction loans, Freddie Mac SBL, Affordable multifamily, Note-on-Note",1,0,0,0,US,Domestic,"New York, NY, USA",
167,Harbinger Funding,,https://www.harbingerfunding.com,Michael Brooks,https://www.linkedin.com/company/harbingerfunding,michael.brooks@harbingerfunding.com,+1 (619) 444-5351,Private Credit Fund,1,1,1,0,0,0,0,0,0,0,0,0,0,0,1,1,1,1,1,0,1,1,1,0,Utah,Domestic,"Lehi, Utah, United States",Private Equity                                                                                                Size: $1-$100M.                                                                                                                                                                                                                                  Terms: control equity positions                                                                                  
168,Veritas Global Markets,,https://www.veritasglobalmarkets.com,Ana Chavez,https://www.linkedin.com/company/veritasglobalmarkets,ana.chavez@veritasglobalmarkets.com,+1 (503) 605-3144,Global Asset Manager,1,1,1,1,1,1,1,1,1,0,0,0,0,0,0,0,0,0,0,0,0,0,0,0,Miami,Global,"Miami, FL, USA",
169,Imperium Capital Advisors,,https://www.imperiumcapitaladvisors.com,David Wood,https://www.linkedin.com/company/imperiumcapitaladvisors,david.wood@imperiumcapitaladvisors.com,+1 (206) 887-5915,Private Credit Fund,0,0,0,0,0,0,0,0,0,0,0,0,0,0,0,0,0,0,0,0,0,0,0,0,"Mexico City, Mexico",Domestic,Mexico City,Real estate development and investment; terms vary
170,Brentwood Credit Union,,https://www.brentwoodcreditunion.com,Laura Bennett,https://www.linkedin.com/company/brentwoodcreditunion,laura.bennett@brentwoodcreditunion.com,+1 (404) 668-6180,Regional Bank,1,1,0,1,1,0,1,0,0,0,0,0,0,0,0,0,0,0,0,"Commercial Real Estate Loans, Construction Loans, Bridge Loans",1,0,0,0,Florida,Domestic,"Stuart, FL, USA",
171,Clearwater Bank,,https://www.clearwaterbank.com,Daniel Gray,https://www.linkedin.com/company/clearwaterbank,daniel.gray@clearwaterbank.com,+1 (678) 969-2188,Regional Bank,1,1,0,1,1,0,1,0,1,0,0,0,0,0,0,0,0,0,0,Commercial & Industrial loans / Lines of Credit,1,0,0,0,NY,Domestic,"New York, NY, USA",CRE mainly in NJ
172,Javelin Investment Group,,https://www.javelininvestmentgroup.com,Patricia Mendoza,https://www.linkedin.com/company/javelininvestmentgroup,patricia.mendoza@javelininvestmentgroup.com,+1 (770) 209-8508,Private Credit Fund,0,0,0,0,0,0,0,0,0,0,0,0,0,0,0,0,0,0,0,Flexible long-term capital to SMEs in Global EM,1,1,1,0,"New York, NY, USA",International,"New York, NY, USA","Private debt, fixed income style, ~10% return"
173,Hawthorne Bancorp,,https://www.hawthornebancorp.com,Richard Ruiz,https://www.linkedin.com/company/hawthornebancorp,richard.ruiz@hawthornebancorp.com,+1 (704) 836-2638,Regional Bank,1,1,0,1,1,0,1,1,1,0,0,0,0,0,0,0,0,0,0,"SBA lending (Preferred Lender), Equipment Financing",1,0,0,0,Texas,Domestic,"Frisco, Texas",
174,Kensington Financial,,https://www.kensingtonfinancial.com,Monica Hughes,https://www.linkedin.com/company/kensingtonfinancial,monica.hughes@kensingtonfinancial.com,+1 (919) 275-9808,Regional Bank,0,1,0,0,1,0,1,1,0,0,0,0,0,0,0,0,0,0,0,0,1,0,0,0,"Miami, FL, USA",Domestic,"Miami, FL, USA",
175,Keystone Capital,,https://www.keystonecapital.com,Thomas Price,https://www.linkedin.com/company/keystonecapital,thomas.price@keystonecapital.com,+1 (202) 418-9288,Private Credit Fund,1,1,0,1,1,0,1,0,0,0,0,0,0,0,0,0,0,0,0,"Bridge loans, Construction loans, Acquisition loans, Mezzanine.",1,0,0,0,NY,Domestic,"New York, NY, USA","Services: Provides construction loans tailored for ground-up developments and renovations, with quick closings and flexible terms.                                                                  Specialization: Focuses on projects in New York City, offering expertise as both lenders and developers.                                                                                                                    Website: https://www.uscnyc.com/construction-loans"
176,Mayfair Trust,,https://www.mayfairtrust.com,Elena Alvarez,https://www.linkedin.com/company/mayfairtrust,elena.alvarez@mayfairtrust.com,+1 (301) 471-3170,Regional Bank,1,1,0,1,1,1,1,0,0,0,0,0,0,0,0,0,0,0,0,0,1,0,0,0,"NJ, NY",Domestic,NJ,"They finance CRE in New York and surrounding areas, not office .
"
177,Preston Savings Bank,,https://www.prestonsavingsbank.com,William Castillo,https://www.linkedin.com/company/prestonsavingsbank,william.castillo@prestonsavingsbank.com,+1 (571) 557-2127,Regional Bank,1,1,0,1,1,1,1,1,1,0,0,0,0,0,0,0,0,0,0,"Equipment Finance, Securities-Based Lending",1,0,0,0,NY,Domestic,"New York, NY, USA",Provides CRE financing in NY
178,Wyndham Credit Union,,https://www.wyndhamcreditunion.com,Sophia Sanders,https://www.linkedin.com/company/wyndhamcreditunion,sophia.sanders@wyndhamcreditunion.com,+1 (469) 450-7054,Regional Bank,1,1,0,1,1,0,1,0,0,0,0,0,0,0,0,0,0,0,0,Commercial banking + Equipment Financing,1,0,0,0,US,Domestic,"Lake Oswego, OR, USA",
179,Latitude Partners,,https://www.latitudepartners.com,Christopher Patel,https://www.linkedin.com/company/latitudepartners,christopher.patel@latitudepartners.com,+1 (972) 491-3584,Private Credit Fund,1,1,1,1,1,1,1,0,0,0,0,0,0,0,0,0,0,0,0,0,1,1,0,1,"Minneapolis, MN",Global,"Minneapolis, MN",
180,Belmont Bank,,https://www.belmontbank.com,Isabella Myers,https://www.linkedin.com/company/belmontbank,isabella.myers@belmontbank.com,+1 (281) 648-9900,Regional Bank,0,0,0,0,0,0,0,0,0,0,0,0,0,0,0,0,0,0,0,0,0,0,0,0,NY,,"New York, NY, USA","Capital Call LOC- Reviewing CCL – strong LP base, enough uncalled capital. Targeting 85% advance rate, subject to eligibility. VC rules apply – 15% cap, 120-day term.
Management Co LOC: Considering LOC for upcoming mgmt fee needs + office capex. Up to 50% advance on 12mo fees.
GP Loan: GP financing to support partner commitments.Up to 75% of contribution, Prime-based.
NAV LOC: Exploring NAV LOC for Fund II – meets asset diversification reqs. Up to 65% NAV, 36-month term."
181,Monarch Advisors,,https://www.monarchadvisors.com,Andrew Smith,https://www.linkedin.com/company/monarchadvisors,andrew.smith@monarchadvisors.com,+1 (212) 920-5956,Private Credit Fund,0,0,0,0,0,0,0,0,0,0,0,0,0,0,0,0,0,0,0,Mezzanine / Private Debt — tickets típicos MXN $70–300MM; empresas con ventas ≥ MXN $70MM y utilidades positivas.,0,1,0,0,"Mexico City, Mexico",Domestic,"San Pedro Garza García, N.L.","Local M&A/advisory terms, flexible rates"
182,Nomad Asset Management,,https://www.nomadassetmanagement.com,Natalia Johnson,https://www.linkedin.com/company/nomadassetmanagement,natalia.johnson@nomadassetmanagement.com,+1 (310) 826-9666,Private Credit Fund,1,1,1,1,1,0,1,0,0,0,0,0,0,0,0,0,0,0,0,"Bridge Loans, Fix & Flip, Rental Property Loans",1,0,0,0,NY,Domestic,"New York, NY, USA","Minimum Loan Amount: $200,000
LTV: 65%
Term: 12 Months - IO
Borrower FICO Score: Not Required
Appraisals: AS-IS Value
Prepayment Penalty: None
Bank Statements / Tax Returns: Not Required
Closing Time: 7-14 Business Days"
183,Orion Investments,,https://www.orioninvestments.com,Matthew Martinez,https://www.linkedin.com/company/orioninvestments,matthew.martinez@orioninvestments.com,+1 (305) 208-5905,Private Credit Fund,1,1,1,1,1,1,1,0,0,0,0,0,0,0,0,0,0,0,0,0,1,1,1,1,"Chicago, IL, USA",Global,"Chicago, IL, USA","Private credit, ~10–12% interest, short-mid term"
184,Prism Capital Group,,https://www.prismcapitalgroup.com,Valentina Garcia,https://www.linkedin.com/company/prismcapitalgroup,valentina.garcia@prismcapitalgroup.com,+1 (312) 879-2697,Private Credit Fund,0,1,0,1,1,1,1,0,0,0,0,0,0,0,0,0,0,0,0,0,1,0,0,1,"New York, NY, USA",Domestic,"New York, NY, USA",Institutional investments; terms vary based on investment strategy
185,Camden Bancorp,,https://www.camdenbancorp.com,Joshua Rodriguez,https://www.linkedin.com/company/camdenbancorp,joshua.rodriguez@camdenbancorp.com,+1 (415) 337-5333,Regional Bank,1,1,0,1,1,0,1,1,1,0,0,0,0,0,1,1,1,1,0,0,1,0,1,0,US,Global,"New York, NY, USA","Players/sports financing, mainly baseball and basketball."
186,Dalton Financial,,https://www.daltonfinancial.com,Camila Lopez,https://www.linkedin.com/company/daltonfinancial,camila.lopez@daltonfinancial.com,+1 (617) 318-2753,Regional Bank,0,0,0,0,0,0,0,0,0,0,0,0,0,0,0,0,0,0,0,0,0,0,0,0,NY,Domestic,"New York, NY, USA",Strong CRE portfolio in the Northeast
187,Eastwood Trust,,https://www.eastwoodtrust.com,Robert Hernandez,https://www.linkedin.com/company/eastwoodtrust,robert.hernandez@eastwoodtrust.com,+1 (713) 960-3546,Regional Bank,1,1,1,1,1,1,1,0,0,0,0,0,0,0,1,1,1,1,0,0,1,0,0,0,"CA, AZ",Domestic,"Phoenix, AZ, USA",
188,Quasar Credit Partners,,https://www.quasarcreditpartners.com,Gabriela Gonzalez,https://www.linkedin.com/company/quasarcreditpartners,gabriela.gonzalez@quasarcreditpartners.com,+1 (214) 478-5616,Private Credit Fund,1,1,1,1,1,1,1,0,0,0,0,0,0,0,0,0,0,0,0,0,1,0,0,0,"Los Angeles, CA, USA",Domestic,"Los Angeles, CA, USA",Private credit investments; flexible terms
189,Raptor Lending,,https://www.raptorlending.com,John Wilson,https://www.linkedin.com/company/raptorlending,john.wilson@raptorlending.com,+1 (602) 819-4450,Private Credit Fund,0,0,0,0,0,0,0,0,1,0,1,0,0,0,1,0,0,1,1,0,0,0,0,0,New York,Domestic,"New York, NY, USA","Loan value Range: $1-50M, Estimated Loan Book Size: $300,000,000.00, Diligence: 5"
190,Sigma Finance,,https://www.sigmafinance.com,Alejandra Anderson,https://www.linkedin.com/company/sigmafinance,alejandra.anderson@sigmafinance.com,+1 (480) 934-6617,Private Credit Fund,0,0,0,0,0,0,0,0,1,0,0,0,0,0,1,0,0,1,1,0,0,0,0,0,New York,Domestic,"New York, NY, USA",
191,Tempest Capital Management,,https://www.tempestcapitalmanagement.com,Steven Taylor,https://www.linkedin.com/company/tempestcapitalmanagement,steven.taylor@tempestcapitalmanagement.com,+1 (520) 408-5325,Private Credit Fund,0,0,0,0,0,0,0,0,0,0,0,0,0,0,1,1,1,1,1,0,0,0,0,0,"US, Canadá and Western Europe",Global,"Stamford, Connecticut","NAV: 10 to 20% LTV. Ticket: $10 to $100M, SOFR+600+"
192,Warden Investment Solutions,,https://www.wardeninvestmentsolutions.com,Victoria Thompson,https://www.linkedin.com/company/wardeninvestmentsolutions,victoria.thompson@wardeninvestmentsolutions.com,+1 (512) 717-9004,Global Asset Manager,0,0,0,0,0,0,0,0,0,0,0,0,0,0,1,1,1,1,1,NAV & Preferred Equity Financing,0,0,0,0,New York,Global,New York,
193,Axiom Global Advisors,,https://www.axiomglobaladvisors.com,Mark Brown,https://www.linkedin.com/company/axiomglobaladvisors,mark.brown@axiomglobaladvisors.com,+1 (646) 457-1832,Global Asset Manager,0,0,0,0,0,0,0,0,1,0,0,0,0,0,1,0,0,1,1,0,0,0,0,0,"US, Europe",Global,New York,
194,Unity Credit,,https://www.unitycredit.com,Andrea Davis,https://www.linkedin.com/company/unitycredit,andrea.davis@unitycredit.com,+1 (917) 294-7939,Private Credit Fund,0,0,0,0,0,0,0,0,0,0,0,0,0,0,1,0,0,1,0,0,0,0,0,0,Spain,Domestic,Madrid,GP Financing to middle market Sponsor.
195,Vertex Funding,,https://www.vertexfunding.com,Brian Miller,https://www.linkedin.com/company/vertexfunding,brian.miller@vertexfunding.com,+1 (347) 483-1722,Private Credit Fund,0,0,0,0,0,0,0,0,0,0,0,0,0,0,0,0,0,0,1,Defense & Government Services (not construction),1,1,0,0,Virginia,Domestic,"Washington, D.C",
196,Grafton Savings Bank,,https://www.graftonsavingsbank.com,Carolina Moore,https://www.linkedin.com/company/graftonsavingsbank,carolina.moore@graftonsavingsbank.com,+1 (786) 203-6464,Regional Bank,0,0,0,0,0,0,0,0,0,0,0,0,0,0,0,0,0,0,0,Government Contract / Commercial & Personal Banking / Lending & Deposit Services,0,0,0,0,Arlington,Domestic,Arlington,
197,Harborview Credit Union,,https://www.harborviewcreditunion.com,Kevin Jackson,https://www.linkedin.com/company/harborviewcreditunion,kevin.jackson@harborviewcreditunion.com,+1 (954) 989-3143,Regional Bank,0,0,0,0,0,0,0,0,0,0,0,0,0,0,0,0,0,0,0,Commercial & Retail Banking / Lending & Financial Services,0,0,0,0,US,Domestic,US,
198,Wraith Capital Advisors,,https://www.wraithcapitaladvisors.com,Paula Martin,https://www.linkedin.com/company/wraithcapitaladvisors,paula.martin@wraithcapitaladvisors.com,+1 (561) 852-5291,Private Credit Fund,0,0,0,0,0,0,0,0,0,0,0,0,0,0,0,0,0,0,0,0,0,0,0,0,"Irvine, CA",Domestic,"Irvine, CA",
199,Catalyst Capital Group,,https://www.catalystcapitalgroup.com,Jason Lee,https://www.linkedin.com/company/catalystcapitalgroup,jason.lee@catalystcapitalgroup.com,+1 (818) 365-8239,Other Lender,0,0,0,0,0,0,0,0,0,0,0,0,0,0,0,0,0,0,1,Digital asset trading / lending / investment services,0,0,0,0,"New York, NY, USA",International,"New York, NY, USA",
200,Beacon Asset Management,,https://www.beaconassetmanagement.com,Diana Perez,https://www.linkedin.com/company/beaconassetmanagement,diana.perez@beaconassetmanagement.com,+1 (323) 764-8007,Global Asset Manager,0,0,0,0,0,0,0,0,0,0,0,0,0,0,1,0,0,1,0,0,0,0,0,0,"New York, NY, USA",Global,"New York, NY, USA","Emerging Market Lender very active in Latam - Contact Daniel Sensel daniel.sensel@emso.com- Cash Flow lender for mid to large-cap companies, also Asset Backed Lending."
201,Xander Investment Group,,https://www.xanderinvestmentgroup.com,Ryan White,https://www.linkedin.com/company/xanderinvestmentgroup,ryan.white@xanderinvestmentgroup.com,+1 (949) 774-1158,Private Credit Fund,0,0,0,0,0,1,0,0,1,0,0,0,0,0,0,0,0,1,0,0,0,0,0,0,"New York, NY, USA",Domestic,"New York, NY, USA",BJ is a common contact // Private debt against upper-upscale and luxury full-service hotels
202,Yonder Capital,,https://www.yondercapital.com,Lucia Harris,https://www.linkedin.com/company/yondercapital,lucia.harris@yondercapital.com,+1 (858) 314-2232,Private Credit Fund,0,0,0,0,0,0,0,0,0,0,0,0,0,0,1,0,1,1,1,0,0,0,0,0,"US, Europe, Asia,Australia, Africa, Middle East",Global,"New York, NY, USA",Just raised a fund to lend against secondaries LP & GP positions
203,Zephyr Partners,,https://www.zephyrpartners.com,Eric Clark,https://www.linkedin.com/company/zephyrpartners,eric.clark@zephyrpartners.com,+1 (619) 907-3442,Private Credit Fund,0,0,0,0,0,0,0,0,0,0,0,0,0,0,0,0,0,1,1,Government Contract Finance / Private Credit Solutions,0,0,0,0,California,Domestic,Los Angeles,Like tech driven government contract lending
204,Catalyst Wealth Partners,,https://www.catalystwealthpartners.com,Marina Lewis,https://www.linkedin.com/company/catalystwealthpartners,marina.lewis@catalystwealthpartners.com,+1 (503) 758-1590,Global Asset Manager,0,0,0,0,0,0,0,0,0,0,0,0,0,0,1,0,0,1,1,0,0,0,0,0,"US, London, Dublin,Southampton",Global,"New York, NY, USA",Strong experience with federal receivables + asset-backed acquisition financing
205,Ivywood Bank,,https://www.ivywoodbank.com,Patrick Robinson,https://www.linkedin.com/company/ivywoodbank,patrick.robinson@ivywoodbank.com,+1 (206) 578-3426,Regional Bank,0,0,0,0,0,0,0,0,0,0,0,0,0,0,0,0,0,0,0,Commercial & Personal Banking / Lending,0,0,0,0,"Arlington, Virginia",Domestic,"Arlington, Virginia",Known for contract-backed lending; especially if agencies are DoD/FEMA/USFS
206,Astra Advisors,,https://www.astraadvisors.com,Teresa Walker,https://www.linkedin.com/company/astraadvisors,teresa.walker@astraadvisors.com,+1 (404) 640-3088,Private Credit Fund,0,0,0,0,0,0,0,0,0,0,0,0,0,0,0,0,0,0,1,Invoice Factoring & Working Capital Financing,0,0,0,0," Birmingham, AL",Domestic," Birmingham, AL",ABL + factoring 
207,Jasper Bancorp,,https://www.jasperbancorp.com,George Young,https://www.linkedin.com/company/jasperbancorp,george.young@jasperbancorp.com,+1 (678) 242-6050,Regional Bank,0,0,0,0,0,0,0,0,0,0,0,0,0,0,0,0,0,0,0,Commercial & Personal Banking / Lending,0,0,0,0,"Virginia, Maryland, Delaware, West Virginia and Kentucky",Domestic,"Harrisonburg, Virginia","Offers asset-based lending, lines of credit, equipment financing, M&A financing, and other credit solutions tailored to government contractors and asset-heavy firms."
208,Kingston Financial,,https://www.kingstonfinancial.com,Carmen Allen,https://www.linkedin.com/company/kingstonfinancial,carmen.allen@kingstonfinancial.com,+1 (770) 573-1653,Regional Bank,0,0,0,0,0,0,0,0,0,0,0,0,0,0,0,0,0,0,0,Commercial & Personal Banking / Lending,0,0,0,0,"Charles Town, Virginia",Domestic,"Charles Town, Virginia","Provides customized financing products for government contractors — working capital, M&A financing, SBA-backed loans,"
209,Dynamo Investment Management,,https://www.dynamoinvestmentmanagement.com,Edward King,https://www.linkedin.com/company/dynamoinvestmentmanagement,edward.king@dynamoinvestmentmanagement.com,+1 (704) 566-4441,Global Asset Manager,0,0,0,0,0,0,0,0,1,0,0,1,0,1,1,1,1,1,1,Maritime Lending,0,0,0,0,"Greenwich, Connecticut",Global,Miami,
210,Epoch Capital Markets,,https://www.epochcapitalmarkets.com,Adriana Wright,https://www.linkedin.com/company/epochcapitalmarkets,adriana.wright@epochcapitalmarkets.com,+1 (919) 898-5088,Global Asset Manager,0,0,0,0,0,0,0,0,0,0,0,0,0,0,1,0,0,1,1,Maritime Lending,1,1,1,1,"New York, NY, USA",Global,London,
211,Fulcrum Securities,,https://www.fulcrumsecurities.com,Peter Scott,https://www.linkedin.com/company/fulcrumsecurities,peter.scott@fulcrumsecurities.com,+1 (202) 882-2684,Global Asset Manager,0,0,0,0,0,0,0,0,1,0,0,0,0,0,1,0,0,1,1,Maritime Lending,0,0,0,0,London,Global,London,
212,Prism Global Bank,,https://www.prismglobalbank.com,Daniela Torres,https://www.linkedin.com/company/prismglobalbank,daniela.torres@prismglobalbank.com,+1 (301) 562-7658,Global Bank,0,0,0,0,0,0,0,0,0,0,0,0,0,0,0,0,0,0,0,Maritime Lending,0,0,0,0,"Oslo, Norway",Global,"Oslo, Norway",
213,Genesis Global Markets,,https://www.genesisglobalmarkets.com,Henry Nguyen,https://www.linkedin.com/company/genesisglobalmarkets,henry.nguyen@genesisglobalmarkets.com,+1 (571) 835-3532,Global Asset Manager,0,0,0,0,0,0,0,0,0,0,0,0,0,0,1,0,1,1,0,Shipping Finance,0,0,0,0,"Sydney, Australia",Global,"New York, NY, USA",
214,Harbinger Investment Solutions,,https://www.harbingerinvestmentsolutions.com,Fernanda Hill,https://www.linkedin.com/company/harbingerinvestmentsolutions,fernanda.hill@harbingerinvestmentsolutions.com,+1 (469) 442-3662,Global Asset Manager,0,0,0,0,0,0,0,0,0,0,0,0,0,0,1,1,0,1,1,Maritime Lending,1,0,0,0,"Oslo, Norway",Global,"Oslo, Norway",
215,Blaze Asset Management,,https://www.blazeassetmanagement.com,Samuel Flores,https://www.linkedin.com/company/blazeassetmanagement,samuel.flores@blazeassetmanagement.com,+1 (972) 381-7755,Private Credit Fund,0,0,0,0,0,0,0,0,0,0,0,0,0,0,1,0,0,1,1,0,0,0,0,0,"Atlanta, Los Angeles, New York, Toronto and London",Global,"New York, NY, USA","Direct-lending, specialized on lending to private equity owned companies. Can do revolvers, term loans, 2nd liens and equity tags, they also do Liquid Credit, on the liquid credit it might be a good fit for XPI EM Bonds. "
216,Cobalt Investments,,https://www.cobaltinvestments.com,Claudia Green,https://www.linkedin.com/company/cobaltinvestments,claudia.green@cobaltinvestments.com,+1 (281) 225-3938,Private Credit Fund,1,1,0,0,1,0,0,0,1,0,0,0,0,0,0,0,0,0,0,0,1,0,0,0,"Salt Lake City, Utah",Domestic,"Salt Lake City, Utah","Real estate financing for multifamily/residential, industrial and other commercial properties nationally with a strong focus in Mountain West & Sunbelt for acquisition, bridge and construction. Can do senior, mezzanine and prefered equity. Ticket size $2M to $80M."
217,Lancaster Trust,,https://www.lancastertrust.com,Alexander Adams,https://www.linkedin.com/company/lancastertrust,alexander.adams@lancastertrust.com,+1 (212) 954-6442,Regional Bank,0,0,0,0,0,0,0,0,0,0,0,0,0,0,0,0,0,0,0,Banking & Lending Services,0,0,0,0,US,Domestic,New York,
218,Dynamo Credit Partners,,https://www.dynamocreditpartners.com,Lorena Nelson,https://www.linkedin.com/company/dynamocreditpartners,lorena.nelson@dynamocreditpartners.com,+1 (310) 621-5065,Other Lender,0,0,0,0,0,0,0,0,0,0,0,0,0,0,0,0,0,0,0,Asset-based lending platform,0,0,0,0,"Chicago, Illinois",Domestic,"Chicago, Illinois",Independent platform specialized in Asset-Based Lending (ABL).
219,Morrison Savings Bank,,https://www.morrisonsavingsbank.com,Philip Baker,https://www.linkedin.com/company/morrisonsavingsbank,philip.baker@morrisonsavingsbank.com,+1 (305) 473-3608,Regional Bank,0,0,0,0,0,0,0,0,0,0,0,0,0,0,0,0,0,0,0,Commercial & SBA Lending,1,0,1,0,"Wilmington, North Carolina, US",Domestic,"Wilmington, North Carolina, US","Bank specialized in lending to small and mid-sized businesses in the U.S.
They have highly specialized industry divisions, including Government Contracting, SBA loans, and financing for companies working with federal contracts."
220,Dusk Capital Group,,https://www.duskcapitalgroup.com,Mariana Hall,https://www.linkedin.com/company/duskcapitalgroup,mariana.hall@duskcapitalgroup.com,+1 (312) 918-2771,Private Credit Fund,0,0,1,1,1,0,1,0,1,0,0,0,0,0,0,0,0,0,0,0,1,1,1,0,"New York, NY, USA",Domestic,New York,Referral by Baruch Litwin (BJ)
221,Newfield Credit Union,,https://www.newfieldcreditunion.com,Antonio Rivera,https://www.linkedin.com/company/newfieldcreditunion,antonio.rivera@newfieldcreditunion.com,+1 (415) 591-1634,Regional Bank,0,0,0,0,0,0,0,0,0,0,0,0,0,0,0,0,0,0,0,0,1,0,0,0,"Boston, Massachusetts",Domestic,Boston,"Their focus is on tech and venture-backed companies, as well as traditional financial solutions, rather than asset-secured loans or financing backed by government contracts."
222,Epoch Lending,,https://www.epochlending.com,Silvia Campbell,https://www.linkedin.com/company/epochlending,silvia.campbell@epochlending.com,+1 (617) 681-4644,Other Lender,0,0,0,0,0,0,0,0,0,0,0,0,0,0,0,0,0,0,0,Receivables & Government Contract Financing,0,0,0,0,"Herndon, VA",Domestic,"Herndon, VA","Firm exclusively specialized in financing for U.S. federal government contractors. They offer working capital solutions, factoring, lines of credit, and tailored structures for companies with government contracts (GovCon). "
223,Ember Credit Partners,,https://www.embercreditpartners.com,Francisco Mitchell,https://www.linkedin.com/company/embercreditpartners,francisco.mitchell@embercreditpartners.com,+1 (713) 404-8541,Private Credit Fund,0,0,0,0,0,0,0,0,0,0,0,0,0,0,1,0,0,1,1,Direct Lending & Credit Solutions,1,1,0,0,"New York, NY, USA",Domestic,"New York, NY, USA","BDC providing financing to middle-market companies in the U.S. They offer senior debt, unitranche, mezzanine, and structures for acquisitions, growth, or recapitalizations. Not an Asset-Based Lending lender; it may only be a fit if structured financing is sought for growth, M&A, or recapitalization of a company with strong cash flow (non-ABL)."
224,Oakridge Bank,,https://www.oakridgebank.com,Rosa Carter,https://www.linkedin.com/company/oakridgebank,rosa.carter@oakridgebank.com,+1 (214) 558-6000,Regional Bank,0,0,0,0,0,0,0,0,0,0,0,0,0,0,0,0,0,0,0,Commercial & Consumer Banking / Capital Markets / Advisory,0,0,0,0,"Pittsburgh, Pennsylvania, US",,,"Corporate finance division of F.N.B., focused on mezzanine debt, subordinated debt, and growth capital for middle-market companies, including acquisitions and recapitalizations."
225,Flint Lending,,https://www.flintlending.com,Miguel Roberts,https://www.linkedin.com/company/flintlending,miguel.roberts@flintlending.com,+1 (602) 433-4652,Private Credit Fund,1,1,1,1,1,1,1,0,1,0,0,0,0,0,1,1,1,1,1,Direct Lending / Bridge / Mezzanine / Preferred Equity / CPACE / Structured Credit,1,1,0,0,"Atlanta, Gerogia",Domestic,"Atlanta, Gerogia",
226,Fulcrum Finance,,https://www.fulcrumfinance.com,Sandra Gomez,https://www.linkedin.com/company/fulcrumfinance,sandra.gomez@fulcrumfinance.com,+1 (480) 224-4164,,0,0,0,0,0,0,0,0,0,0,0,0,0,0,0,0,0,0,0,0,0,0,0,0,"Mexico City, Mexico",Domestic,Mexico City,
227,Quasar Global Bank,,https://www.quasarglobalbank.com,Rafael Phillips,https://www.linkedin.com/company/quasarglobalbank,rafael.phillips@quasarglobalbank.com,+1 (520) 608-6378,Global Bank,0,0,0,0,1,0,0,0,0,0,0,1,0,0,0,0,0,0,0,Maritime Lending,1,0,1,0,"Cairo, Egypt",International,Anglophone West Africa,
228,Raptor Global Bank,,https://www.raptorglobalbank.com,Gloria Evans,https://www.linkedin.com/company/raptorglobalbank,gloria.evans@raptorglobalbank.com,+1 (512) 485-2137,Global Bank,0,1,0,0,0,0,0,0,0,0,0,1,0,0,0,1,0,1,0,Maritime Lending,0,0,0,0,"Johannesburg, South Africa",Global,"Johannesburg, South Africa",
229,Sigma Global Bank,,https://www.sigmaglobalbank.com,Luis Turner,https://www.linkedin.com/company/sigmaglobalbank,luis.turner@sigmaglobalbank.com,+1 (646) 991-5573,Global Bank,0,0,0,0,0,0,0,0,0,0,0,1,0,0,0,0,0,0,0,Maritime Lending,1,1,1,0,"Johannesburg, South Africa",Global,"Johannesburg, South Africa",
230,Palmer Bancorp,,https://www.palmerbancorp.com,Raquel Diaz,https://www.linkedin.com/company/palmerbancorp,raquel.diaz@palmerbancorp.com,+1 (917) 559-9346,Regional Bank,0,1,0,0,0,0,0,0,1,0,0,0,0,0,0,0,0,0,0,0,0,0,0,0,"Seattle, Washington",Domestic,"Dallas, Texas",
231,Quincy Financial,,https://www.quincyfinancial.com,Arturo Parker,https://www.linkedin.com/company/quincyfinancial,arturo.parker@quincyfinancial.com,+1 (347) 609-9785,Regional Bank,0,1,0,0,0,0,0,0,1,0,0,0,0,0,0,0,0,0,0,0,1,0,0,0,"Salt Lake City, Utah",Domestic,"Salt Lake City, Utah",
232,Glacier Finance,,https://www.glacierfinance.com,Pilar Cruz,https://www.linkedin.com/company/glacierfinance,pilar.cruz@glacierfinance.com,+1 (786) 539-1452,Private Credit Fund,0,0,0,0,0,0,0,0,0,0,0,0,0,0,1,1,1,1,0,Private Credit / Direct Lending,1,1,0,0,"West Palm Beach, FL",Domestic,"West Palm Beach, FL",
233,Richmond Trust,,https://www.richmondtrust.com,Enrique Edwards,https://www.linkedin.com/company/richmondtrust,enrique.edwards@richmondtrust.com,+1 (954) 318-5279,Regional Bank,0,1,0,0,0,0,0,0,0,0,0,0,0,0,0,0,0,0,0,0,0,0,0,0,"Richmond (Glen Allen), Virginia",Domestic,"Richmond (Glen Allen), Virginia",
234,Shelton Savings Bank,,https://www.sheltonsavingsbank.com,Alicia Collins,https://www.linkedin.com/company/sheltonsavingsbank,alicia.collins@sheltonsavingsbank.com,+1 (561) 382-5349,Regional Bank,0,1,0,0,0,0,0,0,0,0,0,0,0,0,0,0,0,0,0,0,0,0,0,0,"Clayton, Missouri, US",Domestic,"Dallas, Texas",
235,Trenton Credit Union,,https://www.trentoncreditunion.com,Fernando Reyes,https://www.linkedin.com/company/trentoncreditunion,fernando.reyes@trentoncreditunion.com,+1 (818) 239-2776,Regional Bank,0,1,0,0,0,0,0,0,0,0,0,0,0,0,0,0,0,0,0,0,1,0,0,0,"Birmingham, Alabama",Domestic,"Monroe, Luisiana",
236,Upton Bank,,https://www.uptonbank.com,Beatriz Stewart,https://www.linkedin.com/company/uptonbank,beatriz.stewart@uptonbank.com,+1 (323) 810-8119,Regional Bank,0,1,0,0,0,0,0,0,0,0,0,0,0,0,0,0,0,0,0,0,1,0,0,0,Cincinnati,Domestic,Cincinnati,
237,Vanguard Bancorp,,https://www.vanguardbancorp.com,Gerardo Morris,https://www.linkedin.com/company/vanguardbancorp,gerardo.morris@vanguardbancorp.com,+1 (949) 553-6139,Regional Bank,0,1,0,0,0,0,0,0,0,0,0,0,0,0,0,0,0,0,0,0,0,0,0,0,"Minneapolis, MN",Domestic,"Minneapolis, MN",
238,Genesis Capital Management,,https://www.genesiscapitalmanagement.com,Veronica Morales,https://www.linkedin.com/company/genesiscapitalmanagement,veronica.morales@genesiscapitalmanagement.com,+1 (858) 646-9379,Other Lender,0,0,0,0,0,0,0,0,0,0,0,0,0,0,0,0,0,0,0,Gov Contract Financing / Working Capital Lines,0,0,0,0,"McLean, VA, USA",Domestic,"McLean, VA, USA",
239,Harbinger Credit,,https://www.harbingercredit.com,Hugo Murphy,https://www.linkedin.com/company/harbingercredit,hugo.murphy@harbingercredit.com,+1 (619) 318-7311,Other Lender,0,0,0,0,0,0,0,0,0,0,0,0,0,0,0,0,0,0,0,ABL,1,0,0,0,"Northbrook, Illinois",Domestic,"Northbrook, Illinois",
240,Westbrook Financial,,https://www.westbrookfinancial.com,Leticia Cook,https://www.linkedin.com/company/westbrookfinancial,leticia.cook@westbrookfinancial.com,+1 (503) 790-4114,Regional Bank,0,1,0,0,0,0,0,0,0,0,0,0,0,0,0,0,0,0,0,0,1,1,0,0,"Bethesda, Maryland",Domestic,"Washington, D.C",
241,Imperium Funding,,https://www.imperiumfunding.com,James Rogers,https://www.linkedin.com/company/imperiumfunding,james.rogers@imperiumfunding.com,+1 (206) 460-1727,Other Lender,0,0,0,0,0,0,0,0,0,0,0,0,0,0,1,1,1,1,0,Private Equity / Growth Capital / Buyouts,0,0,0,0,"Coral Gables,Florida",Domestic,"Coral Gables, FL",
242,Halo Capital Management,,https://www.halocapitalmanagement.com,Maria Gutierrez,https://www.linkedin.com/company/halocapitalmanagement,maria.gutierrez@halocapitalmanagement.com,+1 (404) 925-8144,Private Credit Fund,0,0,0,0,0,0,0,0,0,0,0,0,0,0,1,1,1,1,0,Direct Lending / Structured Capital,1,1,0,0,"Dallas, Texas",Domestic,"Dallas, Texas",
243,Indigo Credit,,https://www.indigocredit.com,Carlos Ortiz,https://www.linkedin.com/company/indigocredit,carlos.ortiz@indigocredit.com,+1 (678) 201-9518,Private Credit Fund,0,0,0,0,0,0,0,0,0,0,0,0,0,0,1,1,1,1,0,Structured Debt + Equity / Growth Capital,0,0,0,0,"Los Angeles, CA, USA",Domestic,"Los Angeles, CA, USA",
244,Jetstream Funding,,https://www.jetstreamfunding.com,Jennifer Morgan,https://www.linkedin.com/company/jetstreamfunding,jennifer.morgan@jetstreamfunding.com,+1 (770) 751-4228,Private Credit Fund,0,0,0,0,0,0,0,0,0,0,0,0,0,0,1,1,1,1,0,0,1,1,0,0,"Atlanta, Georgia",Domestic,"Atlanta, Gerogia",
245,Knightbridge Capital Advisors,,https://www.knightbridgecapitaladvisors.com,Roberto Cooper,https://www.linkedin.com/company/knightbridgecapitaladvisors,roberto.cooper@knightbridgecapitaladvisors.com,+1 (704) 572-8066,Private Credit Fund,0,0,0,0,0,0,0,0,0,0,0,0,0,0,1,1,1,0,0,0,0,0,0,0,"Bethesda, Maryland",Domestic,"Washington, D.C",
246,Lunar Investment Group,,https://www.lunarinvestmentgroup.com,Sarah Peterson,https://www.linkedin.com/company/lunarinvestmentgroup,sarah.peterson@lunarinvestmentgroup.com,+1 (919) 271-6409,Private Credit Fund,0,0,0,0,0,0,0,0,0,1,0,0,0,0,0,0,0,0,0,"Equipment, CapEx, Technology, Project Finance",0,0,0,0,"Irvine, CA",Domestic,"Westminster, California",
247,Meridian Capital,,https://www.meridiancapital.com,Michael Bailey,https://www.linkedin.com/company/meridiancapital,michael.bailey@meridiancapital.com,+1 (202) 838-6143,Private Credit Fund,1,1,1,1,1,0,1,0,1,0,0,0,0,0,0,0,0,0,0,0,0,0,0,0,"New York, NY, USA",Domestic,"New York, NY, USA",
248,Nova Partners,,https://www.novapartners.com,Ana Reed,https://www.linkedin.com/company/novapartners,ana.reed@novapartners.com,+1 (301) 879-3041,Private Credit Fund,1,1,1,1,1,1,1,0,1,0,0,0,0,0,1,1,1,1,0,Public‑private C‑PACE financing,1,0,0,0,"New York, NY, USA",Domestic,"New York, NY, USA",
249,Yarmouth Trust,,https://www.yarmouthtrust.com,David Kelly,https://www.linkedin.com/company/yarmouthtrust,david.kelly@yarmouthtrust.com,+1 (571) 937-5920,Regional Bank,1,1,1,1,1,1,1,0,1,0,0,0,0,0,0,0,0,0,0,0,0,0,0,0,"Miami, FL, USA",International,"Miami, FL, USA",
250,Onyx Advisors,,https://www.onyxadvisors.com,Laura Howard,https://www.linkedin.com/company/onyxadvisors,laura.howard@onyxadvisors.com,+1 (469) 719-6067,Private Credit Fund,0,0,0,0,0,0,0,0,0,0,0,0,0,0,1,0,1,1,1,0,1,1,0,0,"New York, NY, USA",Global,"New York, NY",
251,Zenith Savings Bank,,https://www.zenithsavingsbank.com,Daniel Ramos,https://www.linkedin.com/company/zenithsavingsbank,daniel.ramos@zenithsavingsbank.com,+1 (972) 882-7691,Regional Bank,1,1,0,1,1,1,1,0,1,0,0,1,0,0,1,1,1,1,0,"Hotel construction lender, Mortgages, pensions, insurance, auto loans",0,0,0,0,"Mexico City, Mexico",Domestic,Mexico City,
252,Alpine Credit Union,,https://www.alpinecreditunion.com,Patricia Kim,https://www.linkedin.com/company/alpinecreditunion,patricia.kim@alpinecreditunion.com,+1 (281) 534-7592,Regional Bank,1,1,0,1,1,0,1,0,0,0,0,0,0,0,0,0,0,0,0,0,0,0,0,0,Colorado,Domestic,"Canon City, Colorado",
253,Paragon Asset Management,,https://www.paragonassetmanagement.com,Richard Cox,https://www.linkedin.com/company/paragonassetmanagement,richard.cox@paragonassetmanagement.com,+1 (212) 913-5844,Private Credit Fund,1,1,1,1,1,0,1,0,1,1,1,0,0,0,0,0,1,0,0,"They can also finance Art, PE, Private Jets, Second Homes, Publicly Traded stocks",1,1,0,0,"Dallas, Texas",Domestic,"Dallas, Texas",
254,Quill Investments,,https://www.quillinvestments.com,Monica Ward,https://www.linkedin.com/company/quillinvestments,monica.ward@quillinvestments.com,+1 (310) 767-3085,Private Credit Fund,0,0,0,0,0,0,0,0,0,0,0,0,0,0,0,0,0,0,0,0,1,1,1,0,USA,Global,"Boston, MA",
255,Ridge Capital Group,,https://www.ridgecapitalgroup.com,Thomas Richardson,https://www.linkedin.com/company/ridgecapitalgroup,thomas.richardson@ridgecapitalgroup.com,+1 (305) 396-7888,Private Credit Fund,0,0,0,0,0,0,0,0,0,0,0,0,0,0,0,1,0,0,0,0,1,0,1,0,USA,Domestic,"New York, NY",
256,Imperium Global Advisors,,https://www.imperiumglobaladvisors.com,Elena Watson,https://www.linkedin.com/company/imperiumglobaladvisors,elena.watson@imperiumglobaladvisors.com,+1 (312) 880-7211,Global Asset Manager,1,1,0,1,1,1,1,0,1,0,0,0,0,0,0,0,0,0,0,0,1,0,0,1,Netherlands,Global,"The Hague, NY",
257,Javelin Asset Management,,https://www.javelinassetmanagement.com,William Brooks,https://www.linkedin.com/company/javelinassetmanagement,william.brooks@javelinassetmanagement.com,+1 (415) 893-3851,Global Asset Manager,0,0,0,0,0,0,0,0,0,0,0,0,0,0,1,0,1,0,0,0,1,1,1,0,USA,Global,"New York, NY",
258,Summit Credit Partners,,https://www.summitcreditpartners.com,Sophia Chavez,https://www.linkedin.com/company/summitcreditpartners,sophia.chavez@summitcreditpartners.com,+1 (617) 830-5930,Private Credit Fund,0,0,0,0,0,0,0,0,0,0,0,0,0,0,0,0,0,0,0,0,0,0,0,0,Colombia,International,Bogota,
259,Tidal Lending,,https://www.tidallending.com,Christopher Wood,https://www.linkedin.com/company/tidallending,christopher.wood@tidallending.com,+1 (713) 615-9977,Private Credit Fund,0,0,0,0,0,0,0,0,0,0,0,0,0,0,0,0,0,0,0,0,1,1,1,0,USA,Global,"New York, NY",
260,Javelin Capital Advisors,,https://www.javelincapitaladvisors.com,Isabella Bennett,https://www.linkedin.com/company/javelincapitaladvisors,isabella.bennett@javelincapitaladvisors.com,+1 (214) 200-5978,Other Lender,0,0,0,0,0,0,0,0,0,0,0,0,0,0,0,0,0,0,0,0,0,0,0,0,,,,
261,Keystone Wealth Partners,,https://www.keystonewealthpartners.com,Andrew Gray,https://www.linkedin.com/company/keystonewealthpartners,andrew.gray@keystonewealthpartners.com,+1 (602) 493-4443,Global Asset Manager,1,1,1,1,1,1,1,0,1,0,0,0,0,0,1,1,1,0,0,0,1,1,0,1,USA,Global,Los Angeles,
262,Upland Finance,,https://www.uplandfinance.com,Natalia Mendoza,https://www.linkedin.com/company/uplandfinance,natalia.mendoza@uplandfinance.com,+1 (480) 640-6279,Private Credit Fund,0,0,0,0,0,0,0,0,0,0,0,0,0,0,0,0,0,0,0,0,1,0,0,1,USA,Domestic,"New York, NY",
263,Keystone Investment Group,,https://www.keystoneinvestmentgroup.com,Matthew Ruiz,https://www.linkedin.com/company/keystoneinvestmentgroup,matthew.ruiz@keystoneinvestmentgroup.com,+1 (520) 676-8238,Other Lender,0,1,1,1,0,0,1,0,1,0,0,0,0,0,0,0,0,0,0,0,1,0,1,0,UK,International,London,
264,Latitude Investment Management,,https://www.latitudeinvestmentmanagement.com,Valentina Hughes,https://www.linkedin.com/company/latitudeinvestmentmanagement,valentina.hughes@latitudeinvestmentmanagement.com,+1 (512) 652-4501,Global Asset Manager,0,0,0,0,0,0,0,0,0,0,0,0,0,0,0,0,0,0,0,0,1,0,1,0,UK,Global,London,
265,Valor Capital Management,,https://www.valorcapitalmanagement.com,Joshua Price,https://www.linkedin.com/company/valorcapitalmanagement,joshua.price@valorcapitalmanagement.com,+1 (646) 723-8752,Private Credit Fund,0,0,0,0,0,0,0,0,0,0,0,0,0,0,0,0,0,0,0,0,1,1,1,0,USA,Global,"New York, NY",
266,Monarch Capital Markets,,https://www.monarchcapitalmarkets.com,Camila Alvarez,https://www.linkedin.com/company/monarchcapitalmarkets,camila.alvarez@monarchcapitalmarkets.com,+1 (917) 953-3780,Global Asset Manager,0,1,0,1,0,1,1,0,1,0,0,0,0,0,1,1,0,0,0,0,1,1,0,1,USA,Global,"New York, NY",
267,BlueRock Bank,,https://www.bluerockbank.com,Robert Castillo,https://www.linkedin.com/company/bluerockbank,robert.castillo@bluerockbank.com,+1 (347) 874-2389,Regional Bank,0,0,0,1,1,1,1,0,0,0,0,0,0,0,0,0,0,0,0,0,1,0,0,0,USA,International,"New York, NY, USA",
268,Willow Credit,,https://www.willowcredit.com,Gabriela Sanders,https://www.linkedin.com/company/willowcredit,gabriela.sanders@willowcredit.com,+1 (786) 490-9445,Private Credit Fund,1,1,1,1,1,1,1,0,0,0,0,0,0,0,0,1,1,1,0,0,1,1,1,1,USA,Global,"Greenwich, CT, USA",
269,Nomad Securities,,https://www.nomadsecurities.com,John Patel,https://www.linkedin.com/company/nomadsecurities,john.patel@nomadsecurities.com,+1 (954) 879-6491,Global Asset Manager,0,0,0,0,0,0,0,0,0,0,0,0,0,0,1,1,0,1,0,0,1,0,0,1,UK,Global,"London, UK",
270,Xcel Funding,,https://www.xcelfunding.com,Alejandra Myers,https://www.linkedin.com/company/xcelfunding,alejandra.myers@xcelfunding.com,+1 (561) 295-4848,Private Credit Fund,1,1,1,1,1,1,1,0,0,0,0,0,0,0,0,1,1,1,0,0,1,1,1,1,USA,Global,"New York, NY, USA",
271,Atlas Capital Advisors,,https://www.atlascapitaladvisors.com,Steven Smith,https://www.linkedin.com/company/atlascapitaladvisors,steven.smith@atlascapitaladvisors.com,+1 (818) 888-6085,Private Credit Fund,1,1,0,1,1,0,1,0,0,0,0,0,0,0,0,1,0,1,0,0,1,1,1,1,USA,Domestic (US),"California, USA",
272,Bastion Investment Group,,https://www.bastioninvestmentgroup.com,Victoria Johnson,https://www.linkedin.com/company/bastioninvestmentgroup,victoria.johnson@bastioninvestmentgroup.com,+1 (323) 430-4262,Private Credit Fund,1,1,1,1,1,1,1,0,0,0,0,0,0,0,0,1,1,1,0,0,1,1,1,1,USA,Global,"New York, NY, USA",
273,Crescent Capital,,https://www.crescentcapital.com,Mark Martinez,https://www.linkedin.com/company/crescentcapital,mark.martinez@crescentcapital.com,+1 (949) 350-1400,Private Credit Fund,0,0,0,0,0,0,0,0,0,0,0,0,0,0,0,0,1,1,0,0,0,0,0,0,USA,Global,"New York, NY, USA",
274,Delta Partners,,https://www.deltapartners.com,Andrea Garcia,https://www.linkedin.com/company/deltapartners,andrea.garcia@deltapartners.com,+1 (858) 247-5011,Private Credit Fund,1,1,1,1,1,1,1,0,0,0,0,0,0,0,1,0,1,1,0,0,1,1,1,1,USA,International,"New York, NY, USA",
275,Orion Global Markets,,https://www.orionglobalmarkets.com,Brian Rodriguez,https://www.linkedin.com/company/orionglobalmarkets,brian.rodriguez@orionglobalmarkets.com,+1 (619) 686-2193,Global Asset Manager,1,1,1,1,1,1,1,0,0,0,0,0,0,0,0,1,1,1,0,0,1,1,1,1,USA,Global,"New York, NY, USA",
276,Prism Investment Solutions,,https://www.prisminvestmentsolutions.com,Carolina Lopez,https://www.linkedin.com/company/prisminvestmentsolutions,carolina.lopez@prisminvestmentsolutions.com,+1 (503) 666-7790,Global Asset Manager,0,0,0,0,0,0,0,0,0,0,0,0,0,0,1,1,0,1,0,0,1,0,0,1,USA,International,"Greenwich, CT, USA",
277,Equinox Advisors,,https://www.equinoxadvisors.com,Kevin Hernandez,https://www.linkedin.com/company/equinoxadvisors,kevin.hernandez@equinoxadvisors.com,+1 (206) 844-4185,Private Credit Fund,1,1,1,1,1,0,1,0,0,0,0,0,0,0,0,1,1,1,0,0,1,1,1,1,USA,Global,"Miami, FL, USA",
278,Forge Asset Management,,https://www.forgeassetmanagement.com,Paula Gonzalez,https://www.linkedin.com/company/forgeassetmanagement,paula.gonzalez@forgeassetmanagement.com,+1 (404) 935-7291,Private Credit Fund,1,1,1,1,1,1,1,0,0,0,0,0,0,0,1,0,1,1,0,0,1,1,1,1,USA,International,"New York, NY, USA",
279,Granite Investments,,https://www.graniteinvestments.com,Jason Wilson,https://www.linkedin.com/company/graniteinvestments,jason.wilson@graniteinvestments.com,+1 (678) 706-7547,Private Credit Fund,1,1,1,0,0,0,0,0,0,0,0,0,0,0,0,1,0,1,0,0,1,0,0,1,USA,Domestic,USA,
280,Latitude Capital,,https://www.latitudecapital.com,Diana Anderson,https://www.linkedin.com/company/latitudecapital,diana.anderson@latitudecapital.com,+1 (770) 449-3417,Other Lender,0,0,0,0,0,0,0,0,0,0,0,0,0,0,1,0,1,1,0,0,0,0,0,0,USA,Global,"Greenwich, CT, USA",
281,Horizon Capital Group,,https://www.horizoncapitalgroup.com,Ryan Taylor,https://www.linkedin.com/company/horizoncapitalgroup,ryan.taylor@horizoncapitalgroup.com,+1 (704) 871-1090,Private Credit Fund,1,1,1,1,1,1,1,0,0,0,0,0,0,0,0,1,1,1,0,0,1,1,1,1,USA,Global,"New York, NY, USA",
282,Quasar Global Advisors,,https://www.quasarglobaladvisors.com,Lucia Thompson,https://www.linkedin.com/company/quasarglobaladvisors,lucia.thompson@quasarglobaladvisors.com,+1 (919) 968-2746,Global Asset Manager,0,0,0,0,0,0,0,0,0,0,0,0,0,0,1,1,0,1,0,0,1,0,0,1,Switzerland,Global,"Zurich, Switzerland",
283,Iron Credit Partners,,https://www.ironcreditpartners.com,Eric Brown,https://www.linkedin.com/company/ironcreditpartners,eric.brown@ironcreditpartners.com,+1 (202) 997-7965,Private Credit Fund,1,1,1,1,1,1,1,0,0,0,0,0,0,0,0,1,1,1,0,0,1,1,1,1,USA,Domestic,USA,
284,Jade Lending,,https://www.jadelending.com,Marina Davis,https://www.linkedin.com/company/jadelending,marina.davis@jadelending.com,+1 (301) 424-3881,Private Credit Fund,1,1,1,1,1,1,1,0,0,0,0,0,0,0,0,1,1,1,0,0,1,1,1,1,USA,Global,"Greenwich, CT, USA",
285,Sigma Mutual Insurance,,https://www.sigmamutualinsurance.com,Patrick Miller,https://www.linkedin.com/company/sigmamutualinsurance,patrick.miller@sigmamutualinsurance.com,+1 (571) 912-9486,Insurance Company,0,1,0,1,1,0,1,0,0,0,0,0,0,0,0,0,0,0,0,0,1,0,0,1,Sweden,Global,"Stockholm, Sweden",
286,Apex Finance,,https://www.apexfinance.com,Teresa Moore,https://www.linkedin.com/company/apexfinance,teresa.moore@apexfinance.com,+1 (469) 675-1822,Private Credit Fund,0,0,0,0,0,0,0,0,0,0,0,0,0,0,0,0,1,1,0,0,0,0,0,0,São Paulo,International,São Paulo,
287,Blackthorn Capital Management,,https://www.blackthorncapitalmanagement.com,George Jackson,https://www.linkedin.com/company/blackthorncapitalmanagement,george.jackson@blackthorncapitalmanagement.com,+1 (972) 770-5082,Private Credit Fund,1,1,1,1,1,1,1,0,0,0,0,0,0,0,0,1,1,1,0,0,1,1,1,1,USA,Global,"Greenwich, CT, USA",
288,Tempest Global Bank,,https://www.tempestglobalbank.com,Carmen Martin,https://www.linkedin.com/company/tempestglobalbank,carmen.martin@tempestglobalbank.com,+1 (281) 324-8478,Global Bank,0,1,0,1,1,0,1,0,0,0,0,0,0,0,0,0,0,0,0,0,1,0,1,0,Netherlands,International,"Zeist, Netherlands",
289,Crestline Credit,,https://www.crestlinecredit.com,Edward Lee,https://www.linkedin.com/company/crestlinecredit,edward.lee@crestlinecredit.com,+1 (212) 336-8612,Private Credit Fund,1,1,1,1,1,1,1,0,0,0,0,0,0,0,0,1,1,1,0,0,1,1,1,1,USA,Global,"New York, NY, USA",
290,Denali Funding,,https://www.denalifunding.com,Adriana Perez,https://www.linkedin.com/company/denalifunding,adriana.perez@denalifunding.com,+1 (310) 883-9702,Private Credit Fund,1,1,1,1,1,1,1,0,0,0,0,0,0,0,0,1,1,1,0,0,1,1,1,1,USA,Global,"Palm Beach, FL, USA",
291,Smith Family Office,,https://www.smithfamilyoffice.com,Peter White,https://www.linkedin.com/company/smithfamilyoffice,peter.white@smithfamilyoffice.com,+1 (305) 772-6198,Family Office,1,1,1,1,1,1,1,0,0,0,0,0,0,0,0,0,0,1,0,0,1,1,1,1,USA,Domestic,USA,
292,Evergreen Capital Advisors,,https://www.evergreencapitaladvisors.com,Daniela Harris,https://www.linkedin.com/company/evergreencapitaladvisors,daniela.harris@evergreencapitaladvisors.com,+1 (312) 973-8251,Private Credit Fund,1,1,1,1,1,1,1,0,0,0,0,0,0,0,0,1,1,1,0,0,1,1,1,1,USA,Global,"New York, NY, USA",
293,Monarch Partners,,https://www.monarchpartners.com,Henry Clark,https://www.linkedin.com/company/monarchpartners,henry.clark@monarchpartners.com,+1 (415) 827-9270,Other Lender,0,0,0,0,0,0,0,0,0,0,1,0,0,0,0,0,0,0,0,Arranger,0,0,0,0,Berlin,International,Berlin,
294,Unity Global Bank,,https://www.unityglobalbank.com,Fernanda Lewis,https://www.linkedin.com/company/unityglobalbank,fernanda.lewis@unityglobalbank.com,+1 (617) 636-9976,Global Bank,0,1,0,1,1,1,1,0,0,0,0,0,0,0,0,0,0,0,0,0,1,0,1,0,Mexico,International,Ciudad de Mexico,
295,Capstone Bancorp,,https://www.capstonebancorp.com,Samuel Robinson,https://www.linkedin.com/company/capstonebancorp,samuel.robinson@capstonebancorp.com,+1 (713) 656-3607,Regional Bank,1,1,1,1,1,1,1,0,0,0,0,0,0,0,0,0,0,0,0,"equipment finance, insurance-based lending, middle market soluciona & securities-based lending",1,0,1,1,USA,Domestic,"Pittsburg, PA",
296,Falcon Investment Group,,https://www.falconinvestmentgroup.com,Claudia Walker,https://www.linkedin.com/company/falconinvestmentgroup,claudia.walker@falconinvestmentgroup.com,+1 (214) 961-8777,Private Credit Fund,1,1,0,1,1,1,1,0,1,0,0,0,0,0,0,0,0,0,0,"Project Finance, Small Business Lending, Tax Credit Investments",1,1,0,0,New York,Domestic,"New York, NY, USA",
297,Garrison Capital,,https://www.garrisoncapital.com,Alexander Young,https://www.linkedin.com/company/garrisoncapital,alexander.young@garrisoncapital.com,+1 (602) 660-5246,Private Credit Fund,0,0,0,0,0,0,0,0,0,0,0,0,0,0,0,1,0,1,0,0,1,1,1,0,"Coral Gables, FL",International,"Miami, FL, USA",
298,Nomad Advisors,,https://www.nomadadvisors.com,Lorena Allen,https://www.linkedin.com/company/nomadadvisors,lorena.allen@nomadadvisors.com,+1 (480) 969-5050,,0,0,0,0,0,0,0,0,0,0,0,0,0,0,0,0,0,0,0,0,0,0,0,0,,,,
299,Orion Asset Management,,https://www.orionassetmanagement.com,Philip King,https://www.linkedin.com/company/orionassetmanagement,philip.king@orionassetmanagement.com,+1 (520) 852-5543,,0,0,0,0,0,0,0,0,0,0,0,0,0,0,0,0,0,0,0,0,0,0,0,0,,,,
300,Prism Investments,,https://www.prisminvestments.com,Mariana Wright,https://www.linkedin.com/company/prisminvestments,mariana.wright@prisminvestments.com,+1 (512) 984-9540,,0,0,0,0,0,0,0,0,0,0,0,0,0,0,0,0,0,0,0,0,0,0,0,0,,,,
301,Quasar Capital Group,,https://www.quasarcapitalgroup.com,Antonio Scott,https://www.linkedin.com/company/quasarcapitalgroup,antonio.scott@quasarcapitalgroup.com,+1 (646) 696-4919,,0,0,0,0,0,0,0,0,0,0,0,0,0,0,0,0,0,0,0,0,0,0,0,0,,,,
302,Raptor Credit Partners,,https://www.raptorcreditpartners.com,Silvia Torres,https://www.linkedin.com/company/raptorcreditpartners,silvia.torres@raptorcreditpartners.com,+1 (917) 481-8206,,0,0,0,0,0,0,0,0,0,0,0,0,0,0,0,0,0,0,0,0,0,0,0,0,,,,
303,Sigma Lending,,https://www.sigmalending.com,Francisco Nguyen,https://www.linkedin.com/company/sigmalending,francisco.nguyen@sigmalending.com,+1 (347) 279-5681,,0,0,0,0,0,0,0,0,0,0,0,0,0,0,0,0,0,0,0,0,0,0,0,0,,,,
304,Tempest Finance,,https://www.tempestfinance.com,Rosa Hill,https://www.linkedin.com/company/tempestfinance,rosa.hill@tempestfinance.com,+1 (786) 440-5451,,0,0,0,0,0,0,0,0,0,0,0,0,0,0,0,0,0,0,0,0,0,0,0,0,,,,
305,Unity Capital Management,,https://www.unitycapitalmanagement.com,Miguel Flores,https://www.linkedin.com/company/unitycapitalmanagement,miguel.flores@unitycapitalmanagement.com,+1 (954) 543-6238,,0,0,0,0,0,0,0,0,0,0,0,0,0,0,0,0,0,0,0,0,0,0,0,0,,,,
306,Vertex Credit,,https://www.vertexcredit.com,Sandra Green,https://www.linkedin.com/company/vertexcredit,sandra.green@vertexcredit.com,+1 (561) 753-2320,,0,0,0,0,0,0,0,0,0,0,0,0,0,0,0,0,0,0,0,0,0,0,0,0,,,,
307,Wraith Funding,,https://www.wraithfunding.com,Rafael Adams,https://www.linkedin.com/company/wraithfunding,rafael.adams@wraithfunding.com,+1 (818) 341-3471,,0,0,0,0,0,0,0,0,0,0,0,0,0,0,0,0,0,0,0,0,0,0,0,0,,,,
308,Xander Capital Advisors,,https://www.xandercapitaladvisors.com,Gloria Nelson,https://www.linkedin.com/company/xandercapitaladvisors,gloria.nelson@xandercapitaladvisors.com,+1 (323) 436-7275,,0,0,0,0,0,0,0,0,0,0,0,0,0,0,0,0,0,0,0,0,0,0,0,0,,,,
309,Yonder Investment Group,,https://www.yonderinvestmentgroup.com,Luis Baker,https://www.linkedin.com/company/yonderinvestmentgroup,luis.baker@yonderinvestmentgroup.com,+1 (949) 910-3503,,0,0,0,0,0,0,0,0,0,0,0,0,0,0,0,0,0,0,0,0,0,0,0,0,,,,
310,Zephyr Capital,,https://www.zephyrcapital.com,Raquel Hall,https://www.linkedin.com/company/zephyrcapital,raquel.hall@zephyrcapital.com,+1 (858) 923-4505,,0,0,0,0,0,0,0,0,0,0,0,0,0,0,0,0,0,0,0,0,0,0,0,0,,,,
311,Astra Partners,,https://www.astrapartners.com,Arturo Rivera,https://www.linkedin.com/company/astrapartners,arturo.rivera@astrapartners.com,+1 (619) 265-7797,,0,0,0,0,0,0,0,0,0,0,0,0,0,0,0,0,0,0,0,0,0,0,0,0,,,,
312,Blaze Advisors,,https://www.blazeadvisors.com,Pilar Campbell,https://www.linkedin.com/company/blazeadvisors,pilar.campbell@blazeadvisors.com,+1 (503) 617-6421,,0,0,0,0,0,0,0,0,0,0,0,0,0,0,0,0,0,0,0,0,0,0,0,0,,,,
313,Cobalt Asset Management,,https://www.cobaltassetmanagement.com,Enrique Mitchell,https://www.linkedin.com/company/cobaltassetmanagement,enrique.mitchell@cobaltassetmanagement.com,+1 (206) 755-8633,,0,0,0,0,0,0,0,0,0,0,0,0,0,0,0,0,0,0,0,0,0,0,0,0,,,,
314,Dusk Investments,,https://www.duskinvestments.com,Alicia Carter,https://www.linkedin.com/company/duskinvestments,alicia.carter@duskinvestments.com,+1 (404) 625-2020,,0,0,0,0,0,0,0,0,0,0,0,0,0,0,0,0,0,0,0,0,0,0,0,0,,,,
315,Ember Capital Group,,https://www.embercapitalgroup.com,Fernando Roberts,https://www.linkedin.com/company/embercapitalgroup,fernando.roberts@embercapitalgroup.com,+1 (678) 411-7883,,0,0,0,0,0,0,0,0,0,0,0,0,0,0,0,0,0,0,0,0,0,0,0,0,,,,
316,Flint Credit Partners,,https://www.flintcreditpartners.com,Beatriz Gomez,https://www.linkedin.com/company/flintcreditpartners,beatriz.gomez@flintcreditpartners.com,+1 (770) 598-1320,,0,0,0,0,0,0,0,0,0,0,0,0,0,0,0,0,0,0,0,0,0,0,0,0,,,,
317,Glacier Lending,,https://www.glacierlending.com,Gerardo Phillips,https://www.linkedin.com/company/glacierlending,gerardo.phillips@glacierlending.com,+1 (704) 983-7232,,0,0,0,0,0,0,0,0,0,0,0,0,0,0,0,0,0,0,0,0,0,0,0,0,,,,
318,Halo Finance,,https://www.halofinance.com,Veronica Evans,https://www.linkedin.com/company/halofinance,veronica.evans@halofinance.com,+1 (919) 688-1096,,0,0,0,0,0,0,0,0,0,0,0,0,0,0,0,0,0,0,0,0,0,0,0,0,,,,
319,Indigo Capital Management,,https://www.indigocapitalmanagement.com,Hugo Turner,https://www.linkedin.com/company/indigocapitalmanagement,hugo.turner@indigocapitalmanagement.com,+1 (202) 560-5892,,0,0,0,0,0,0,0,0,0,0,0,0,0,0,0,0,0,0,0,0,0,0,0,0,,,,
